caseId,profile,surface,sourceKappa,requestedKappa,relativeOffset,band,referenceOrder,referenceQualifiedExperimental,referenceEigenChange,referenceSubspaceChange,referenceEquationError,referenceBoundaryError,cutoffRelativeGap,minimumInternalRelativeGap,minimumParticipationFraction,maximumUpperQuarterFraction,baselineEigenError,baselineFrequencyError,baselineSubspaceError,warmFlag,coldFlag,warmOperatorApplications,coldOperatorApplications,warmToFullEigenError,warmToFullSubspaceError,warmToReferenceEigenError,warmToReferenceSubspaceError,warmToReferenceIndividualH1Error,approximateEigenError,approximateFrequencyError,approximateSubspaceError,approximateIndividualH1Error,approximateFError,approximateEquationError,approximateBoundaryError,warmMatchesFull,fallbackRequired,fullSolveSeconds,warmRawSeconds,coldRawSeconds,warmFactorizationSeconds,warmEigensolveSeconds,warmFinalizationSeconds,requestedAssemblySeconds,requestedSelectionSeconds,warmValidationSeconds,referenceSolveSeconds,referenceValidationSeconds,baselineValidationSeconds,neighborAcquisitionSeconds,warmWithValidationAndFallbackSeconds,warmWithAllReferenceSeconds,analyticAvailable,analyticEigenError,analyticSubspaceError,productionQualification
1,constant,rigid,0.0001,0.0001,0,8,144,1,2.11090861402077e-11,3.00661807933222e-11,7.48129892359914e-10,1.24096195580847e-14,0.209873917942573,0.121093270729573,0.668509202276424,0.378892346772217,5.76300249533701e-11,2.62240333127849e-11,2.97370373524991e-11,0,0,49,49,1.54160906641585e-11,5.54478397418412e-13,4.22139342901e-11,2.97603046760592e-11,2.80425394524438e-11,5.76300249533701e-11,2.62240333127849e-11,2.97370373524991e-11,2.80297564750896e-11,5.86707385454536e-11,1.64437602028255e-11,4.25479376365731e-16,1,0,0.0875746180555556,0.0811505,0.0275217083333333,0.0247217083333333,0.0423228333333333,0.0139408333333333,0.002075,0.00298216666666667,0.0607662083333333,0.0490295555555556,0.398377916666667,0.0477798333333333,0.0875746180555556,0.146973875,0.729735798611111,1,4.21808321513076e-11,2.97884936469151e-11,0
1,constant,rigid,0.0001,0.0001,0,16,144,1,2.11090861402077e-11,4.22642169043514e-12,7.48129892359914e-10,1.24096195580847e-14,0.114186450882448,0.121093270729573,0.667455860230684,0.378892346772217,5.76300249533701e-11,2.62240333127849e-11,4.1577780121533e-12,0,0,49,49,1.54160906641585e-11,3.51176823993862e-13,4.22139342901e-11,4.11316785858673e-12,6.56099319806512e-10,5.76300249533701e-11,2.62240333127849e-11,4.1577780121533e-12,6.56099098256202e-10,6.56346375054178e-10,1.64437602028255e-11,4.25479376365731e-16,1,0,0.0875746180555556,0.0811505,0.0275217083333333,0.0247217083333333,0.0423228333333333,0.0139408333333333,0.002075,0.00298216666666667,0.0607662083333333,0.0490295555555556,0.398377916666667,0.0477798333333333,0.0875746180555556,0.146973875,0.729735798611111,1,4.21808321513076e-11,4.11408860759974e-12,0
2,constant,rigid,0.0001,0.0001001,0.001,8,144,1,6.64652983614741e-11,2.16495912642956e-11,9.78194282984521e-10,1.18993670710531e-14,0.209873912688166,0.121093269770776,0.66850920227656,0.378892346769109,5.14502436254748e-11,2.34161553950126e-11,2.18041144597504e-11,0,0,49,49,1.27316989035462e-11,1.2794221285947e-12,3.87185447225837e-11,2.15713873488747e-11,2.18679434991994e-11,2.02543477424934e-06,9.21819453699881e-07,2.15504062285281e-11,2.18352110214811e-11,2.02543882693062e-06,1.01269905383204e-06,4.25479376365731e-16,1,0,0.0212574097222222,0.0146603333333333,0.00967645833333333,0.0005155,0.00695258333333333,0.00713320833333333,0.00168295833333333,0.00161066666666667,0.0271599583333333,0.0388000972222222,0.144222,0.017977375,0.0875746180555556,0.0451139166666667,0.267370798611111,1,3.86864735109743e-11,2.15761868025752e-11,0
2,constant,rigid,0.0001,0.0001001,0.001,16,144,1,6.64652983614741e-11,4.82101346448661e-12,9.78194282984521e-10,1.18993670710531e-14,0.114186450081112,0.121093269770776,0.667455860230694,0.378892346769109,5.14502436254748e-11,2.34161553950126e-11,5.057325412678e-12,0,0,49,49,1.27316989035462e-11,4.06841653218705e-13,3.87185447225837e-11,4.88983400256618e-12,6.56099773288093e-10,2.02543477424934e-06,9.21819453699881e-07,4.98918794516781e-12,6.56099373708368e-10,2.02543882693062e-06,1.01269905383204e-06,4.25479376365731e-16,1,0,0.0212574097222222,0.0146603333333333,0.00967645833333333,0.0005155,0.00695258333333333,0.00713320833333333,0.00168295833333333,0.00161066666666667,0.0271599583333333,0.0388000972222222,0.144222,0.017977375,0.0875746180555556,0.0451139166666667,0.267370798611111,1,3.86864735109743e-11,4.90629633818217e-12,0
3,constant,rigid,0.0001,0.000101,0.01,8,144,1,1.77913965842526e-11,4.85088429924346e-12,7.28433550593312e-10,1.11786638345749e-14,0.209873865174233,0.121093261096381,0.66850920227671,0.378892346763413,1.76976439502943e-11,5.36442583305748e-12,4.39872727032964e-12,0,0,49,49,1.94792398312278e-11,7.81590279371215e-13,1.79585208447869e-11,4.49950089706795e-12,9.9979733709353e-11,2.03445379711473e-05,9.27412726749234e-06,4.53372710876505e-12,1.00455821147557e-10,2.03449518264607e-05,1.01723763176334e-05,4.25479376365731e-16,1,0,0.0201087847222222,0.006713125,0.006169375,0.00051425,0.002317875,0.00382670833333333,0.00169725,0.00169854166666667,0.03452375,0.0352071388888889,0.13381225,0.018014875,0.0875746180555556,0.0446326666666667,0.251775715277778,1,1.79913342663487e-11,4.50213696163023e-12,0
3,constant,rigid,0.0001,0.000101,0.01,16,144,1,1.77913965842526e-11,3.82389679458246e-12,7.28433550593312e-10,1.11786638345749e-14,0.11418644283562,0.121093261096381,0.667455860230689,0.378892346763413,1.76976439502943e-11,5.36442583305748e-12,3.59689664394481e-12,0,0,49,49,1.94792398312278e-11,3.33906650498458e-13,1.79585208447869e-11,3.52519893757545e-12,6.56097157755747e-10,2.03445379711473e-05,9.27412726749234e-06,3.57776624518979e-12,6.56096952809429e-10,2.03449518264607e-05,1.01723763176334e-05,4.25479376365731e-16,1,0,0.0201087847222222,0.006713125,0.006169375,0.00051425,0.002317875,0.00382670833333333,0.00169725,0.00169854166666667,0.03452375,0.0352071388888889,0.13381225,0.018014875,0.0875746180555556,0.0446326666666667,0.251775715277778,1,1.79913342663487e-11,3.51264786141832e-12,0
4,constant,rigid,0.0001,0.00011,0.1,8,144,1,2.68902484608533e-11,5.18621000836961e-12,9.11652257531344e-10,1.21657632874823e-14,0.209873366643653,0.121093170083709,0.668509202276706,0.378892346775965,2.58677127234981e-11,9.75106748740616e-12,5.34298629699225e-12,0,0,49,49,1.74442127430989e-12,4.30389223242809e-13,2.57879363673498e-11,5.32642418980872e-12,1.06667072716633e-10,0.000212513955375288,9.8249777904411e-05,5.23221203440057e-12,1.06879001621069e-10,0.000212559127105724,0.00010626827268167,4.25479376365731e-16,1,0,0.0206777013888889,0.00755375,0.005247375,0.000517208333333333,0.00169341666666667,0.00528770833333333,0.00197195833333333,0.00159116666666667,0.0275119583333333,0.0313560138888889,0.149221,0.0191610416666667,0.0875746180555556,0.0386288333333333,0.259044590277778,1,2.58227812118972e-11,5.33056937554604e-12,0
4,constant,rigid,0.0001,0.00011,0.1,16,144,1,2.68902484608533e-11,3.65223652362505e-12,9.11652257531344e-10,1.21657632874823e-14,0.114186366813561,0.121093170083709,0.667455860230748,0.378892346775965,2.58677127234981e-11,9.75106748740616e-12,3.74186100860714e-12,0,0,49,49,1.74442127430989e-12,3.69052652005871e-13,2.57879363673498e-11,3.6522701371866e-12,6.56098885357329e-10,0.000212513955375288,9.8249777904411e-05,3.71139132118205e-12,6.56098637879121e-10,0.000212559127105724,0.00010626827268167,4.25479376365731e-16,1,0,0.0206777013888889,0.00755375,0.005247375,0.000517208333333333,0.00169341666666667,0.00528770833333333,0.00197195833333333,0.00159116666666667,0.0275119583333333,0.0313560138888889,0.149221,0.0191610416666667,0.0875746180555556,0.0386288333333333,0.259044590277778,1,2.58227812118972e-11,3.65393023238602e-12,0
5,constant,rigid,0.001,0.001,0,8,144,1,5.10655926686353e-11,5.8818698430403e-12,5.85265612872279e-10,1.42456173161852e-14,0.209614341072513,0.121045841765853,0.668509202276619,0.378892346770542,5.08507137817958e-11,2.53976971788595e-11,5.58749917005283e-12,0,0,49,49,1.12453284118355e-11,5.32117245875786e-13,3.96053853705321e-11,5.71167414963791e-12,2.65392924511158e-11,5.08507137817958e-11,2.53976971788595e-11,5.58749917005283e-12,2.65649039290633e-11,5.29340010914778e-11,1.4703852888161e-11,3.45293724471588e-16,1,0,0.0257606180555556,0.0224247083333333,0.01738075,0.000673125,0.00223445833333333,0.0194496666666667,0.00214241666666667,0.00194620833333333,0.0241907083333333,0.0444489722222222,0.131840041666667,0.019375,0.0257606180555556,0.0507040416666667,0.272128673611111,1,3.95774844313655e-11,5.71277700176703e-12,0
5,constant,rigid,0.001,0.001,0,16,144,1,5.10655926686353e-11,4.68633585572888e-12,5.85265612872279e-10,1.42456173161852e-14,0.114146832207042,0.121045841765853,0.667455860230709,0.378892346770542,5.08507137817958e-11,2.53976971788595e-11,4.6562131663837e-12,0,0,49,49,1.12453284118355e-11,3.26998958071421e-13,3.96053853705321e-11,4.71058570040909e-12,6.56097218320647e-10,5.08507137817958e-11,2.53976971788595e-11,4.6562131663837e-12,6.56097495642489e-10,6.55987180776329e-10,1.4703852888161e-11,3.45293724471588e-16,1,0,0.0257606180555556,0.0224247083333333,0.01738075,0.000673125,0.00223445833333333,0.0194496666666667,0.00214241666666667,0.00194620833333333,0.0241907083333333,0.0444489722222222,0.131840041666667,0.019375,0.0257606180555556,0.0507040416666667,0.272128673611111,1,3.95774844313655e-11,4.69138161828861e-12,0
6,constant,rigid,0.001,0.001001,0.001,8,144,1,1.11105992356001e-11,6.58402409289219e-12,8.96901605888095e-10,1.06579907532766e-14,0.20961381705739,0.121045745939177,0.668509202276451,0.378892346763807,1.09509772020415e-11,5.46949697645883e-12,8.62983366461877e-12,0,0,49,49,1.97518956147502e-12,5.56962888073988e-13,1.29261667635381e-11,8.70995094577923e-12,1.33769305834675e-11,0.000184057451303819,9.19416703998102e-05,8.7864390572016e-12,1.50667195988672e-11,0.000184091334620836,9.20372021813595e-05,3.45293724471588e-16,1,0,0.0235755347222222,0.00770108333333333,0.00546458333333333,0.00052175,0.00177866666666667,0.00534125,0.00123204166666667,0.00163629166666667,0.0217204583333333,0.0303413055555556,0.130350041666667,0.0152766666666667,0.0257606180555556,0.032289875,0.231833423611111,1,1.29563525228999e-11,8.66778332277285e-12,0
6,constant,rigid,0.001,0.001001,0.001,16,144,1,1.11105992356001e-11,3.85517110204538e-12,8.96901605888095e-10,1.06579907532766e-14,0.114146752157152,0.121045745939177,0.667455860230753,0.378892346763807,1.09509772020415e-11,5.46949697645883e-12,3.97121509963661e-12,0,0,49,49,1.97518956147502e-12,3.91725011513151e-13,1.29261667635381e-11,3.8621247509915e-12,6.56096900108336e-10,0.000184057451303819,9.19416703998102e-05,3.80041380162423e-12,6.56096941912799e-10,0.000184091334620836,9.20372021813595e-05,3.45293724471588e-16,1,0,0.0235755347222222,0.00770108333333333,0.00546458333333333,0.00052175,0.00177866666666667,0.00534125,0.00123204166666667,0.00163629166666667,0.0217204583333333,0.0303413055555556,0.130350041666667,0.0152766666666667,0.0257606180555556,0.032289875,0.231833423611111,1,1.29563525228999e-11,3.85296899435984e-12,0
7,constant,rigid,0.001,0.00101,0.01,8,144,1,6.50242898092333e-12,2.11751834863621e-11,9.17508977448805e-10,1.18860078586009e-14,0.209609077526559,0.121044879198512,0.668509202276436,0.378892346768209,2.76039925469766e-11,1.3787133421711e-11,2.11429336288715e-11,0,0,49,49,6.16678085873631e-12,6.75164770345838e-13,3.37707734055427e-11,2.11224655247141e-11,5.50165581945251e-11,0.00184578017446188,0.000923184489326038,2.1149451771589e-11,5.50448438759847e-11,0.00184919337889628,0.000923742583235017,3.45293724471588e-16,1,0,0.0226230763888889,0.00658475,0.0264710416666667,0.000526291666666667,0.002275,0.00372525,0.00122345833333333,0.00167683333333333,0.0230139583333333,0.0299895972222222,0.130161041666667,0.0150655,0.0257606180555556,0.032499,0.230338215277778,1,3.37404299850934e-11,2.11233326288057e-11,0
7,constant,rigid,0.001,0.00101,0.01,16,144,1,6.50242898092333e-12,2.03604775792184e-11,9.17508977448805e-10,1.18860078586009e-14,0.114146028112265,0.121044879198512,0.667455860230712,0.378892346768209,2.76039925469766e-11,1.3787133421711e-11,2.03474142784045e-11,0,0,49,49,6.16678085873631e-12,3.26227330701837e-13,3.37707734055427e-11,2.03370798309185e-11,6.56094844711097e-10,0.00184578017446188,0.000923184489326038,2.0337043952053e-11,6.56094823719577e-10,0.00184919337889628,0.000923742583235017,3.45293724471588e-16,1,0,0.0226230763888889,0.00658475,0.0264710416666667,0.000526291666666667,0.002275,0.00372525,0.00122345833333333,0.00167683333333333,0.0230139583333333,0.0299895972222222,0.130161041666667,0.0150655,0.0257606180555556,0.032499,0.230338215277778,1,3.37404299850934e-11,2.03362377689161e-11,0
8,constant,rigid,0.001,0.0011,0.1,8,144,1,7.34454843833522e-12,5.3107720275661e-12,8.08997628704541e-10,9.33035589364551e-15,0.209559361837165,0.121035785852445,0.668509202276637,0.378892346765091,5.04735643198772e-11,2.52136881684951e-11,5.43133248526704e-12,0,0,49,49,2.28544890793349e-11,7.61193717401214e-13,2.76190752393887e-11,5.20751381834567e-12,5.56978480384513e-11,0.0189537452981034,0.00960499903596669,5.25115940024389e-12,5.57171660059995e-11,0.019319930336834,0.00956754304977726,3.45293724471588e-16,1,0,0.0226072847222222,0.01970625,0.0177305416666667,0.000514458333333333,0.00171633333333333,0.0174095416666667,0.00121875,0.00149675,0.0233470833333333,0.0293341805555556,0.132659041666667,0.015460875,0.0257606180555556,0.0457688333333333,0.245830215277778,1,2.76497156640834e-11,5.19500755733868e-12,0
8,constant,rigid,0.001,0.0011,0.1,16,144,1,7.34454843833522e-12,3.73567221252321e-12,8.08997628704541e-10,9.33035589364551e-15,0.114138431779842,0.121035785852445,0.667455860230689,0.378892346765091,5.04735643198772e-11,2.52136881684951e-11,3.61329173019017e-12,0,0,49,49,2.28544890793349e-11,4.73620658233466e-13,2.76190752393887e-11,3.50396729978267e-12,6.56135902438037e-10,0.0189537452981034,0.00960499903596669,3.54896341235006e-12,6.56135923001126e-10,0.019319930336834,0.00956754304977726,3.45293724471588e-16,1,0,0.0226072847222222,0.01970625,0.0177305416666667,0.000514458333333333,0.00171633333333333,0.0174095416666667,0.00121875,0.00149675,0.0233470833333333,0.0293341805555556,0.132659041666667,0.015460875,0.0257606180555556,0.0457688333333333,0.245830215277778,1,2.76497156640834e-11,3.49695645732896e-12,0
9,constant,rigid,0.01,0.01,0,8,144,1,1.94428375533665e-11,5.76608198327345e-12,9.63187407499034e-11,1.04771683817045e-14,0.186542355265335,0.116483497709796,0.66850920227665,0.378892346952363,1.6142187516019e-11,8.07018605682062e-12,5.59848334448701e-12,0,0,49,49,8.61540685782197e-13,6.33031512788405e-13,1.70037282017872e-11,5.43181397106857e-12,5.89852068163865e-10,1.6142187516019e-11,8.07018605682062e-12,5.59848334448701e-12,5.90923260561015e-10,6.16886708674427e-10,1.50201647124098e-12,3.45344084675485e-16,1,0,0.0290210763888889,0.0103905833333333,0.0154345,0.0005325,0.00171741666666667,0.00808116666666667,0.00136658333333333,0.00159279166666667,0.0205127916666667,0.0357793055555556,0.12831825,0.0138654583333333,0.0290210763888889,0.03386275,0.240846840277778,1,1.70017506794617e-11,5.43173421979825e-12,0
9,constant,rigid,0.01,0.01,0,16,144,1,1.94428375533665e-11,4.5139856722378e-12,9.63187407499034e-11,1.04771683817045e-14,0.110319146537905,0.116483497709796,0.667455860230692,0.378892346952363,1.6142187516019e-11,8.07018605682062e-12,3.58442544566819e-12,0,0,49,49,8.61540685782197e-13,3.59620675832213e-13,1.70037282017872e-11,3.59126726371695e-12,6.56097011139507e-10,1.6142187516019e-11,8.07018605682062e-12,3.58442544566819e-12,6.56097106145891e-10,6.55932828727484e-10,1.50201647124098e-12,3.45344084675485e-16,1,0,0.0290210763888889,0.0103905833333333,0.0154345,0.0005325,0.00171741666666667,0.00808116666666667,0.00136658333333333,0.00159279166666667,0.0205127916666667,0.0357793055555556,0.12831825,0.0138654583333333,0.0290210763888889,0.03386275,0.240846840277778,1,1.70017506794617e-11,3.58254740371253e-12,0
10,constant,rigid,0.01,0.01001,0.001,8,144,1,3.61069927696014e-12,4.36514173072146e-12,1.02345765059442e-10,9.38930443285227e-15,0.186500863995884,0.116474624487249,0.668509202276488,0.378892346771832,4.31080291346568e-12,2.15522195263145e-12,4.43640559629038e-12,0,0,49,49,5.37237294947576e-13,4.16299584948669e-13,4.37457832341953e-12,4.43091733202781e-12,3.4288023783035e-11,0.00181793892057633,0.000910110738928611,4.45299040632349e-12,3.41323190179359e-11,0.00182124984148945,0.000909796438821749,3.45344084675485e-16,1,0,0.0277663263888889,0.0160370416666667,0.0149620833333333,0.000609125,0.00199233333333333,0.0133697083333333,0.001825125,0.00188491666666667,0.0202796666666667,0.0295996805555556,0.126301583333333,0.0153109166666667,0.0290210763888889,0.04002675,0.239005256944444,1,4.36161584174061e-12,4.43465862361018e-12,0
10,constant,rigid,0.01,0.01001,0.001,16,144,1,3.61069927696014e-12,3.70053785243987e-12,1.02345765059442e-10,9.38930443285227e-15,0.110311669910176,0.116474624487249,0.667455860230697,0.378892346771832,4.31080291346568e-12,2.15522195263145e-12,3.77913375707944e-12,0,0,49,49,5.37237294947576e-13,3.00089608593986e-13,4.37457832341953e-12,3.73964798513295e-12,6.56096671430846e-10,0.00181793892057633,0.000910110738928611,3.75364966521756e-12,6.56097039275864e-10,0.00182124984148945,0.000909796438821749,3.45344084675485e-16,1,0,0.0277663263888889,0.0160370416666667,0.0149620833333333,0.000609125,0.00199233333333333,0.0133697083333333,0.001825125,0.00188491666666667,0.0202796666666667,0.0295996805555556,0.126301583333333,0.0153109166666667,0.0290210763888889,0.04002675,0.239005256944444,1,4.36161584174061e-12,3.74738434365368e-12,0
11,constant,rigid,0.01,0.0101,0.01,8,144,1,4.60090971533642e-12,6.90147194904341e-12,1.01254898419516e-10,9.41638464524951e-15,0.186126413189001,0.11639442775921,0.66850920227654,0.378892346770106,5.76837234940033e-12,2.88400478175555e-12,6.8445524539774e-12,0,0,49,49,7.84080463266844e-13,4.92034442998577e-13,4.98429188612896e-12,6.81617381365395e-12,1.0714029646121e-11,0.0179657410313312,0.00910475536877172,6.87911136802359e-12,1.16379883316998e-11,0.0182944137306797,0.0090642938965229,3.45344084675485e-16,1,0,0.0197374097222222,0.0148648333333333,0.013865375,0.00063775,0.00189545833333333,0.012264625,0.000426083333333333,0.00158433333333333,0.0197979583333333,0.0293339722222222,0.124998541666667,0.0128085416666667,0.0290210763888889,0.0366732083333333,0.223551673611111,1,4.98591021523366e-12,6.82077925804442e-12,0
11,constant,rigid,0.01,0.0101,0.01,16,144,1,4.60090971533642e-12,1.09910768772973e-11,1.01254898419516e-10,9.41638464524951e-15,0.110244089990659,0.11639442775921,0.667455860230717,0.378892346770106,5.76837234940033e-12,2.88400478175555e-12,1.10425739262039e-11,0,0,49,49,7.84080463266844e-13,2.91546513262515e-13,4.98429188612896e-12,1.10141741857526e-11,6.56096874840419e-10,0.0179657410313312,0.00910475536877172,1.10275836458508e-11,6.56097179918133e-10,0.0182944137306797,0.0090642938965229,3.45344084675485e-16,1,0,0.0197374097222222,0.0148648333333333,0.013865375,0.00063775,0.00189545833333333,0.012264625,0.000426083333333333,0.00158433333333333,0.0197979583333333,0.0293339722222222,0.124998541666667,0.0128085416666667,0.0290210763888889,0.0366732083333333,0.223551673611111,1,4.98591021523366e-12,1.10120373330556e-11,0
12,constant,rigid,0.01,0.011,0.1,8,144,1,5.56208274959072e-12,1.78666259772875e-11,6.17069117394049e-11,1.15412152685904e-14,0.182286349269173,0.115559590720064,0.668509202276768,0.378892346764803,3.06192804879341e-12,1.53086758821201e-12,1.8280523379755e-11,0,0,49,49,1.72314853732412e-12,4.77062981459414e-13,3.32219717597995e-12,1.8376363304876e-11,1.78400903835527e-11,0.160465068230658,0.0913821482262225,1.82411424793043e-11,1.77369850298191e-11,0.191135665900669,0.0872313243213875,3.45344084675485e-16,1,0,0.0195434930555556,0.00657866666666667,0.00868233333333333,0.000522,0.001752125,0.00423916666666667,0.000436375,0.00184933333333333,0.019781375,0.0305570555555556,0.1228015,0.01225875,0.0290210763888889,0.02864575,0.213806548611111,1,3.32745447379452e-12,1.84917262791142e-11,0
12,constant,rigid,0.01,0.011,0.1,16,144,1,5.56208274959072e-12,5.11004475958097e-12,6.17069117394049e-11,1.15412152685904e-14,0.109539982016676,0.115559590720064,0.667455860230437,0.378892346764803,3.06192804879341e-12,1.53086758821201e-12,5.21416231345049e-12,0,0,49,49,1.72314853732412e-12,3.74352722313361e-13,3.32219717597995e-12,5.17306084704082e-12,6.57296662270047e-10,0.160465068230658,0.0913821482262225,5.24347077299932e-12,6.57297368777516e-10,0.191135665900669,0.0872313243213875,3.45344084675485e-16,1,0,0.0195434930555556,0.00657866666666667,0.00868233333333333,0.000522,0.001752125,0.00423916666666667,0.000436375,0.00184933333333333,0.019781375,0.0305570555555556,0.1228015,0.01225875,0.0290210763888889,0.02864575,0.213806548611111,1,3.32745447379452e-12,4.89319431001879e-12,0
13,constant,free,0.0001,0.0001,0,8,216,0,8.71327355739562e-10,1.10412807865408e-10,9.25088954149249e-06,5.80572374577012e-10,0.234363726524029,0.128887125342788,0.668943155739627,0.379329559965951,1.86919961264766e-10,9.34504159825371e-11,8.12342705924949e-11,0,0,49,49,2.33812321292195e-12,2.63586651306871e-12,1.89258084477251e-10,8.08986094168205e-11,1.70667467441799e-10,1.86919961264766e-10,9.34504159825371e-11,8.12342705924949e-11,1.69719494361559e-10,2.68598196077961e-10,1.37478331037435e-07,3.18598394668069e-12,1,1,0.0118394791666667,0.0134770416666667,0.012937125,0.000991166666666667,0.00279275,0.00960295833333333,0.000384458333333333,0.00125229166666667,0.0328519583333333,0.0877809201388889,0.303144125,0.024693625,0.0118394791666667,0.0598052291666667,0.475423899305556,1,1.89240736167951e-10,8.1058088584986e-11,0
13,constant,free,0.0001,0.0001,0,16,216,0,8.71327355739562e-10,5.72427579674214e-11,9.25088954149249e-06,5.80572374577012e-10,0.121092293747239,0.128887125342788,0.667505279768758,0.379329559965951,1.86919961264766e-10,9.34504159825371e-11,6.18673583276913e-11,0,0,49,49,2.33812321292195e-12,3.91819586263894e-12,1.89258084477251e-10,6.15521522769759e-11,1.70667467441799e-10,1.86919961264766e-10,9.34504159825371e-11,6.18673583276913e-11,1.69719494361559e-10,2.68598196077961e-10,1.37478331037435e-07,3.18598394668069e-12,1,1,0.0118394791666667,0.0134770416666667,0.012937125,0.000991166666666667,0.00279275,0.00960295833333333,0.000384458333333333,0.00125229166666667,0.0328519583333333,0.0877809201388889,0.303144125,0.024693625,0.0118394791666667,0.0598052291666667,0.475423899305556,1,1.89240736167951e-10,6.15492598275487e-11,0
14,constant,free,0.0001,0.0001001,0.001,8,216,0,6.29938077021825e-10,1.04041161731457e-10,1.10875046449793e-05,5.65127317209211e-10,0.234363719100843,0.128887124181178,0.668943155739133,0.379329559080813,4.14464822781311e-10,2.07211471967322e-10,7.68571551654184e-11,0,0,49,49,3.87494397518972e-12,4.88542404851913e-12,4.18339766754895e-10,7.6229124582648e-11,2.91676020196438e-10,6.64837315371519e-06,3.32386502472918e-06,7.0132862961992e-08,2.69413373072551e-06,7.27891316163236e-06,0.000980691507545238,3.18598394668069e-12,1,1,0.0177691458333333,0.00434183333333333,0.00342633333333333,0.000687875,0.00178695833333333,0.001793875,0.000318875,0.00102004166666667,0.0224690416666667,0.0622012951388889,0.181671416666667,0.0152652083333333,0.0118394791666667,0.0459189375,0.305056857638889,1,4.18323936670218e-10,7.6567608138837e-11,0
14,constant,free,0.0001,0.0001001,0.001,16,216,0,6.29938077021825e-10,5.66769695290073e-11,1.10875046449793e-05,5.65127317209211e-10,0.121092292788314,0.128887124181178,0.667505279768842,0.379329559080813,4.14464822781311e-10,2.07211471967322e-10,6.0433512066196e-11,0,0,49,49,3.87494397518972e-12,1.04726423583467e-11,4.18339766754895e-10,6.01127227594778e-11,2.91676020196438e-10,6.64837315371519e-06,3.32386502472918e-06,2.37132068150464e-08,2.69413373072551e-06,7.27891316163236e-06,0.000980691507545238,3.18598394668069e-12,1,1,0.0177691458333333,0.00434183333333333,0.00342633333333333,0.000687875,0.00178695833333333,0.001793875,0.000318875,0.00102004166666667,0.0224690416666667,0.0622012951388889,0.181671416666667,0.0152652083333333,0.0118394791666667,0.0459189375,0.305056857638889,1,4.18323936670218e-10,6.00987324316271e-11,0
15,constant,free,0.0001,0.000101,0.01,8,216,0,7.10651355410953e-10,1.10310835388776e-10,8.02077605155801e-06,5.85685167771935e-10,0.234363651955302,0.128887113676544,0.668943155738483,0.379329551154136,2.55899626633989e-10,1.27937141137064e-10,7.5872514217362e-11,0,0,49,49,1.85181218034381e-12,2.48756555063529e-12,2.54047814454119e-10,7.58713558833725e-11,2.22164785062628e-10,6.67740163856301e-05,3.33853442320702e-05,7.04168314647739e-07,2.7059826841274e-05,7.31109660342934e-05,0.00976438644121776,3.18598394668069e-12,1,1,0.0181470625,0.00440054166666667,0.00343679166666667,0.000625666666666667,0.00176629166666667,0.00194241666666667,0.000358333333333333,0.001059,0.0220039583333333,0.0619865034722222,0.173961958333333,0.015052375,0.0118394791666667,0.0459688958333333,0.296969732638889,1,2.54031117851456e-10,7.56802828144417e-11,0
15,constant,free,0.0001,0.000101,0.01,16,216,0,7.10651355410953e-10,5.84744313347966e-11,8.02077605155801e-06,5.85685167771935e-10,0.121092284114487,0.128887113676544,0.667505279768746,0.379329551154136,2.55899626633989e-10,1.27937141137064e-10,6.19751324549958e-11,0,0,49,49,1.85181218034381e-12,4.7272628978007e-12,2.54047814454119e-10,6.18281807523279e-11,2.22164785062628e-10,6.67740163856301e-05,3.33853442320702e-05,2.38128931416094e-07,2.7059826841274e-05,7.31109660342934e-05,0.00976438644121776,3.18598394668069e-12,1,1,0.0181470625,0.00440054166666667,0.00343679166666667,0.000625666666666667,0.00176629166666667,0.00194241666666667,0.000358333333333333,0.001059,0.0220039583333333,0.0619865034722222,0.173961958333333,0.015052375,0.0118394791666667,0.0459688958333333,0.296969732638889,1,2.54031117851456e-10,6.1801634956119e-11,0
16,constant,free,0.0001,0.00011,0.1,8,216,0,6.13837439627413e-10,1.0560599414854e-10,7.9340902477028e-06,5.69556838535104e-10,0.23436294745697,0.128887003463127,0.668943155720479,0.379329467816729,3.42927739293307e-10,1.7144938150442e-10,7.41875946296886e-11,0,0,49,49,5.46200271590166e-12,3.87883591290433e-12,3.48389742007336e-10,7.36072182315949e-11,2.84644391425527e-10,0.000697109266238373,0.000348707584088359,7.35661169247624e-06,0.000282670852167175,0.000763739944162843,0.0933996851673313,3.18598394668069e-12,1,1,0.0075910625,0.0137262083333333,0.00468391666666667,0.000554875,0.00170154166666667,0.0114062916666667,0.000389541666666667,0.001239125,0.0220797916666667,0.0724334201388889,0.1635195,0.0157362916666667,0.0118394791666667,0.0450257291666667,0.296714940972222,1,3.48374572908706e-10,7.39995447307261e-11,0
16,constant,free,0.0001,0.00011,0.1,16,216,0,6.13837439627413e-10,5.63907794905306e-11,7.9340902477028e-06,5.69556838535104e-10,0.121092193103713,0.128887003463127,0.667505279767737,0.379329467816729,3.42927739293307e-10,1.7144938150442e-10,6.02390598484655e-11,0,0,49,49,5.46200271590166e-12,1.98115485827489e-11,3.48389742007336e-10,6.00754162820955e-11,2.84644391425527e-10,0.000697109266238373,0.000348707584088359,2.48782648827843e-06,0.000282670852167175,0.000763739944162843,0.0933996851673313,3.18598394668069e-12,1,1,0.0075910625,0.0137262083333333,0.00468391666666667,0.000554875,0.00170154166666667,0.0114062916666667,0.000389541666666667,0.001239125,0.0220797916666667,0.0724334201388889,0.1635195,0.0157362916666667,0.0118394791666667,0.0450257291666667,0.296714940972222,1,3.48374572908706e-10,5.99810690302161e-11,0
17,constant,free,0.001,0.001,0,8,144,1,3.03336573972503e-11,1.78431951990889e-11,4.03030860967849e-08,1.06960223502518e-10,0.233997025032026,0.128829693281566,0.668943146543658,0.410611967070316,3.07763947850713e-11,1.52511097655834e-11,1.81036969001999e-11,0,0,49,49,7.68273707381968e-12,2.61588488669313e-12,3.10420211308241e-11,1.76598515020232e-11,7.1005058566249e-11,3.07763947850713e-11,1.52511097655834e-11,1.81036969001999e-11,7.1491595531083e-11,7.52457858505514e-11,1.41023607661569e-09,3.50968311741989e-12,1,0,0.0220543125,0.00375879166666667,0.00461054166666667,0.000563083333333333,0.00170254166666667,0.00143033333333333,0.000352916666666667,0.00130691666666667,0.0203897916666667,0.0302790868055556,0.146395708333333,0.0135036666666667,0.0220543125,0.0258084166666667,0.238041190972222,1,3.10463277825255e-11,1.76602912010598e-11,0
17,constant,free,0.001,0.001,0,16,144,1,3.03336573972503e-11,1.64080167773557e-11,4.03030860967849e-08,1.06960223502518e-10,0.121044866365164,0.128829693281566,0.667505279320223,0.410611967070316,3.07763947850713e-11,1.52511097655834e-11,1.71061254035693e-11,0,0,49,49,7.68273707381968e-12,8.99829978571479e-12,3.10420211308241e-11,1.65184959017622e-11,7.1005058566249e-11,3.07763947850713e-11,1.52511097655834e-11,1.71061254035693e-11,7.1491595531083e-11,7.52457858505514e-11,1.41023607661569e-09,3.50968311741989e-12,1,0,0.0220543125,0.00375879166666667,0.00461054166666667,0.000563083333333333,0.00170254166666667,0.00143033333333333,0.000352916666666667,0.00130691666666667,0.0203897916666667,0.0302790868055556,0.146395708333333,0.0135036666666667,0.0220543125,0.0258084166666667,0.238041190972222,1,3.10463277825255e-11,1.65186910706961e-11,0
18,constant,free,0.001,0.001001,0.001,8,144,1,4.60727348443763e-11,1.98776023966153e-11,2.68302056882028e-08,1.15955458182673e-10,0.233996285013003,0.128829577251354,0.668943146525076,0.4107668199868,3.82580159534466e-11,1.91289473583944e-11,2.03850370937525e-11,0,0,49,49,6.71618796183122e-12,3.747048383626e-12,4.49742039155348e-11,1.96045160854271e-11,4.46915088886097e-11,0.000449219441266822,0.000224685123928364,6.99509171658944e-06,0.000227197235940798,0.000482702631406316,0.000999500046229578,3.50968311741989e-12,1,0,0.00629172916666667,0.00497975,0.00315008333333333,0.000505125,0.001618625,0.00279845833333333,0.0004175,0.00103691666666667,0.019324,0.0275325868055556,0.129406166666667,0.0122231666666667,0.0220543125,0.0257581666666667,0.201211815972222,1,4.49919194838777e-11,1.9559001742711e-11,0
18,constant,free,0.001,0.001001,0.001,16,144,1,4.60727348443763e-11,1.75374706651186e-11,2.68302056882028e-08,1.15955458182673e-10,0.121044770541798,0.128829577251354,0.667505279319171,0.4107668199868,3.82580159534466e-11,1.91289473583944e-11,1.80432297579645e-11,0,0,49,49,6.71618796183122e-12,1.08277780190312e-11,4.49742039155348e-11,1.73740972436972e-11,4.95671308258878e-11,0.000449219441266822,0.000224685123928364,2.36935521734591e-06,0.000227197235940798,0.000482702631406316,0.000999500046229578,3.50968311741989e-12,1,0,0.00629172916666667,0.00497975,0.00315008333333333,0.000505125,0.001618625,0.00279845833333333,0.0004175,0.00103691666666667,0.019324,0.0275325868055556,0.129406166666667,0.0122231666666667,0.0220543125,0.0257581666666667,0.201211815972222,1,4.49919194838777e-11,1.73405128618439e-11,0
19,constant,free,0.001,0.00101,0.01,8,144,1,2.8968939570303e-11,1.84611098840208e-11,3.67958102236007e-08,1.05053881548402e-10,0.23398959176582,0.128828527766673,0.668943146357303,0.4121659866322,2.88758585807597e-11,1.43119828644551e-11,1.89472023589484e-11,0,0,49,49,6.70585993673881e-12,2.67038162419441e-12,2.89929149767005e-11,1.83855035800882e-11,4.54957915922153e-11,0.00448950364417602,0.00225233562111186,7.02641378500308e-05,0.00227868720208109,0.00484178429816964,0.00995000252109957,3.50968311741989e-12,1,0,0.00601610416666667,0.00490004166666667,0.00291641666666667,0.000502708333333333,0.0016005,0.00274033333333333,0.000309,0.00104116666666667,0.0193729166666667,0.0283441701388889,0.130448791666667,0.0130752083333333,0.0220543125,0.025623125,0.203507399305556,1,2.89032590443786e-11,1.8385449014623e-11,0
19,constant,free,0.001,0.00101,0.01,16,144,1,2.8968939570303e-11,1.70901171599421e-11,3.67958102236007e-08,1.05053881548402e-10,0.121043903830415,0.128828527766673,0.667505279311031,0.4121659866322,2.88758585807597e-11,1.43119828644551e-11,1.80351523429076e-11,0,0,49,49,6.70585993673881e-12,1.23193386886539e-11,2.89929149767005e-11,1.75592703908627e-11,4.85160377530857e-11,0.00448950364417602,0.00225233562111186,2.38000141074637e-05,0.00227868720208109,0.00484178429816964,0.00995000252109957,3.50968311741989e-12,1,0,0.00601610416666667,0.00490004166666667,0.00291641666666667,0.000502708333333333,0.0016005,0.00274033333333333,0.000309,0.00104116666666667,0.0193729166666667,0.0283441701388889,0.130448791666667,0.0130752083333333,0.0220543125,0.025623125,0.203507399305556,1,2.89032590443786e-11,1.73731200299373e-11,0
20,constant,free,0.001,0.0011,0.1,8,144,1,2.97729821043658e-11,1.76558511131533e-11,2.43515471302502e-08,1.0850579821089e-10,0.233919387334028,0.128817517302495,0.668943144598232,0.426681240985418,3.02856577051311e-11,1.50310277795398e-11,1.79833278762586e-11,0,0,49,49,8.06256893729226e-12,3.77182941509201e-12,3.02466541496219e-11,1.75531285917955e-11,3.3734025090774e-11,0.0445369418184366,0.0230409990775776,0.000733954415830257,0.0234245512175789,0.0498257204070924,0.0950226244799531,3.50968311741989e-12,1,0,0.00563627083333333,0.005271,0.00377966666666667,0.00051525,0.00164795833333333,0.00304570833333333,0.000317041666666667,0.001035375,0.0193154583333333,0.0183679618055556,0.132604208333333,0.0128496666666667,0.0220543125,0.025938875,0.195396982638889,1,3.02685685175227e-11,1.75333204256648e-11,0
20,constant,free,0.001,0.0011,0.1,16,144,1,2.97729821043658e-11,1.62528497085263e-11,2.43515471302502e-08,1.0850579821089e-10,0.121034810787279,0.128817517302495,0.667505279224991,0.426681240985418,3.02856577051311e-11,1.50310277795398e-11,1.70412906582082e-11,0,0,49,49,8.06256893729226e-12,5.14420469151924e-11,3.02466541496219e-11,5.2056487859646e-11,7.82569665400748e-11,0.0445369418184366,0.0230409990775776,0.000248644954158062,0.0234245512175789,0.0498257204070924,0.0950226244799531,3.50968311741989e-12,1,0,0.00563627083333333,0.005271,0.00377966666666667,0.00051525,0.00164795833333333,0.00304570833333333,0.000317041666666667,0.001035375,0.0193154583333333,0.0183679618055556,0.132604208333333,0.0128496666666667,0.0220543125,0.025938875,0.195396982638889,1,3.02685685175227e-11,1.64032744369099e-11,0
21,constant,free,0.01,0.01,0,8,144,1,1.39355478038287e-11,1.76099161774979e-11,8.87415713244648e-10,1.482233122235e-11,0.202337544659809,0.123333932255934,0.101817204753934,0.993112953144338,1.37225000459879e-11,6.85995947334824e-12,1.91116235674538e-11,0,0,49,49,2.53893192163753e-12,6.58490120810024e-12,1.36216331507365e-11,1.85688954097489e-11,1.34079307610965e-10,1.37225000459879e-11,6.85995947334824e-12,1.91116235674538e-11,1.3438969759711e-10,1.35290425817626e-10,4.13076191906936e-11,2.74217061054654e-13,1,0,0.0190028958333333,0.00687541666666667,0.014399375,0.000599208333333333,0.00182629166666667,0.00437741666666667,0.000380875,0.001246125,0.0204221666666667,0.0211132951388889,0.1322785,0.0136985,0.0190028958333333,0.0289245833333333,0.215017774305556,1,1.38841555452189e-11,1.84009600576841e-11,0
21,constant,free,0.01,0.01,0,16,144,1,1.39355478038287e-11,1.7342222259813e-11,8.87415713244648e-10,1.482233122235e-11,0.116482667058788,0.123333932255934,0.101817204753934,0.993112953144338,1.37225000459879e-11,6.85995947334824e-12,1.87266647116673e-11,0,0,49,49,2.53893192163753e-12,6.08735468773453e-12,1.36216331507365e-11,1.74921502280793e-11,1.34079307610965e-10,1.37225000459879e-11,6.85995947334824e-12,1.87266647116673e-11,1.3438969759711e-10,1.35290425817626e-10,4.13076191906936e-11,2.74217061054654e-13,1,0,0.0190028958333333,0.00687541666666667,0.014399375,0.000599208333333333,0.00182629166666667,0.00437741666666667,0.000380875,0.001246125,0.0204221666666667,0.0211132951388889,0.1322785,0.0136985,0.0190028958333333,0.0289245833333333,0.215017774305556,1,1.38841555452189e-11,1.74803151387996e-11,0
22,constant,free,0.01,0.01001,0.001,8,144,1,1.5599430506992e-11,2.05897034147818e-11,9.56793784643708e-10,1.4112036731302e-11,0.202282226557884,0.123323298926257,0.101717408643442,0.99314717203593,1.52753123693857e-11,7.63620110979335e-12,2.14105581661551e-11,0,0,49,49,2.99670131247842e-12,6.62593425039397e-12,1.53322054467315e-11,2.00701382823822e-11,1.31473252707793e-10,0.00181787847904167,0.000910080437231914,0.000525591728621242,0.000707252265951299,0.00182149677915807,0.000999500002426848,2.74217061054654e-13,1,0,0.00907327083333333,0.00705308333333333,0.00402120833333333,0.000647333333333333,0.00195054166666667,0.00438858333333333,0.000333166666666667,0.002274125,0.019200875,0.0186182118055556,0.130323166666667,0.0124705833333333,0.0190028958333333,0.02886125,0.199346482638889,1,1.54639981643843e-11,2.00180529868643e-11,0
22,constant,free,0.01,0.01001,0.001,16,144,1,1.5599430506992e-11,1.91981560148677e-11,9.56793784643708e-10,1.4112036731302e-11,0.116473794103687,0.123323298926257,0.101717408643442,0.99314717203593,1.52753123693857e-11,7.63620110979335e-12,1.96409703234416e-11,0,0,49,49,2.99670131247842e-12,6.58708215967718e-12,1.53322054467315e-11,1.87582549865766e-11,1.31473252707793e-10,0.00181787847904167,0.000910080437231914,0.000222754342453389,0.000707252265951299,0.00182149677915807,0.000999500002426848,2.74217061054654e-13,1,0,0.00907327083333333,0.00705308333333333,0.00402120833333333,0.000647333333333333,0.00195054166666667,0.00438858333333333,0.000333166666666667,0.002274125,0.019200875,0.0186182118055556,0.130323166666667,0.0124705833333333,0.0190028958333333,0.02886125,0.199346482638889,1,1.54639981643843e-11,1.87564893618695e-11,0
23,constant,free,0.01,0.0101,0.01,8,144,1,1.59979584176247e-11,3.52009682581675e-11,8.9993634572087e-10,1.41211468291276e-11,0.201783246180503,0.12322720392801,0.100828142000993,0.993447591311911,1.60042199237539e-11,8.00053423475375e-12,3.71018141371969e-11,0,0,49,49,3.24518323514594e-12,8.50465585801747e-12,1.61966189302709e-11,3.59377284122726e-11,1.4896959570249e-10,0.0179651581094856,0.00910445588992517,0.00526326405305436,0.00702543342014429,0.0182969015802495,0.00995000247730189,2.74217061054654e-13,1,0,0.00590972916666667,0.00532516666666667,0.00491041666666667,0.000668125,0.00181958333333333,0.00277504166666667,0.000314041666666667,0.001056125,0.0191695,0.0176976284722222,0.12735025,0.0122764583333333,0.0190028958333333,0.0258648333333333,0.189098899305556,1,1.62444340677213e-11,3.61232400355324e-11,0
23,constant,free,0.01,0.0101,0.01,16,144,1,1.59979584176247e-11,1.72680626546013e-11,8.9993634572087e-10,1.41211468291276e-11,0.116393599788873,0.12322720392801,0.100828142000993,0.993447591311911,1.60042199237539e-11,8.00053423475375e-12,1.89691969299638e-11,0,0,49,49,3.24518323514594e-12,6.76051083975471e-12,1.61966189302709e-11,1.7644543290092e-11,1.4896959570249e-10,0.0179651581094856,0.00910445588992517,0.00223607086070262,0.00702543342014429,0.0182969015802495,0.00995000247730189,2.74217061054654e-13,1,0,0.00590972916666667,0.00532516666666667,0.00491041666666667,0.000668125,0.00181958333333333,0.00277504166666667,0.000314041666666667,0.001056125,0.0191695,0.0176976284722222,0.12735025,0.0122764583333333,0.0190028958333333,0.0258648333333333,0.189098899305556,1,1.62444340677213e-11,1.75929194874542e-11,0
24,constant,free,0.01,0.011,0.1,8,144,1,1.63538779015434e-11,8.7079509916467e-11,8.5002800412057e-10,1.2397096087168e-11,0.196692463412426,0.122227902588188,0.0927362811887208,0.995814823428876,1.66020747829336e-11,8.30024859340181e-12,5.73923700943579e-11,0,0,49,49,7.54136678057604e-13,8.11214878547198e-12,1.73562114610037e-11,5.63568021519379e-11,1.05616859625288e-10,0.160460937216224,0.0913794632419428,0.0532024992878965,0.0658816907960715,0.191162339547188,0.0950226244365468,2.74217061054654e-13,1,0,0.00514022916666667,0.00558166666666667,0.006202125,0.000611458333333333,0.00192266666666667,0.00296804166666667,0.0003055,0.00101616666666667,0.019111375,0.0178121701388889,0.128146166666667,0.0125887916666667,0.0190028958333333,0.0260147083333333,0.189702065972222,1,1.65907302206327e-11,5.58835783749723e-11,0
24,constant,free,0.01,0.011,0.1,16,144,1,1.63538779015434e-11,1.90164226695339e-11,8.5002800412057e-10,1.2397096087168e-11,0.115558787617036,0.122227902588188,0.0927362811887208,0.995814823428876,1.66020747829336e-11,8.30024859340181e-12,1.85547222116845e-11,0,0,49,49,7.54136678057604e-13,6.45305799258629e-12,1.73562114610037e-11,1.69882109651232e-11,1.05616859625288e-10,0.160460937216224,0.0913794632419428,0.0231942493842319,0.0658816907960715,0.191162339547188,0.0950226244365468,2.74217061054654e-13,1,0,0.00514022916666667,0.00558166666666667,0.006202125,0.000611458333333333,0.00192266666666667,0.00296804166666667,0.0003055,0.00101616666666667,0.019111375,0.0178121701388889,0.128146166666667,0.0125887916666667,0.0190028958333333,0.0260147083333333,0.189702065972222,1,1.65907302206327e-11,1.69124169809064e-11,0
25,exponential,rigid,0.0001,0.0001,0,8,144,1,2.15656022630907e-08,3.99943364920431e-09,4.7516728046286e-07,2.32866514725167e-15,0.209944732452842,0.12110625062113,0.617607191697884,0.513128445311129,2.16064369231769e-08,8.61287622024108e-09,4.06220866615238e-09,0,0,49,49,8.33954431091942e-12,1.32750235363616e-12,2.16073570130968e-08,4.06238400479178e-09,1.68281620905071e-08,2.16064369231769e-08,8.61287622024108e-09,4.06220866615238e-09,1.68280641093454e-08,7.77862060880927e-09,1.90687977888678e-06,3.07428332220743e-16,1,1,0.0169576770833333,0.0178250416666667,0.031132125,0.00108770833333333,0.0048455,0.0118041666666667,0.000549041666666667,0.001749625,0.0212104583333333,0.0184348611111111,0.99859375,0.0158875416666667,0.0169576770833333,0.05829184375,1.09120799652778,1,2.0269934346844e-08,4.41605287848086e-09,0
25,exponential,rigid,0.0001,0.0001,0,16,144,1,2.15656022630907e-08,3.86119630674546e-09,4.7516728046286e-07,2.32866514725167e-15,0.114197295045277,0.12110625062113,0.617182861470234,0.513128445311129,2.16064369231769e-08,8.61287622024108e-09,4.07134084798996e-09,0,0,49,49,8.33954431091942e-12,8.03491449738601e-13,2.16073570130968e-08,4.07123464460597e-09,1.74669742243899e-08,2.16064369231769e-08,8.61287622024108e-09,4.07134084798996e-09,1.7466978323196e-08,7.77862060880927e-09,1.90687977888678e-06,3.07428332220743e-16,1,1,0.0169576770833333,0.0178250416666667,0.031132125,0.00108770833333333,0.0048455,0.0118041666666667,0.000549041666666667,0.001749625,0.0212104583333333,0.0184348611111111,0.99859375,0.0158875416666667,0.0169576770833333,0.05829184375,1.09120799652778,1,2.0269934346844e-08,5.6103240558017e-09,0
26,exponential,rigid,0.0001,0.0001001,0.001,8,144,1,2.15514705797283e-08,4.01275707371693e-09,4.75189352646722e-07,6.32991811898613e-16,0.209944726789116,0.121106249579061,0.617607188478279,0.513128692142448,2.15938356918713e-08,8.68130278580525e-09,4.07492613664928e-09,0,0,49,49,1.70834244335342e-12,8.59187239916564e-13,2.15939141092012e-08,4.07501275365952e-09,1.68398300884937e-08,1.96494648851811e-06,7.91708314043773e-07,6.26309588290618e-08,4.45192172286146e-07,2.00213029359881e-06,2.11545077607839e-06,3.07428332220743e-16,1,1,0.00398788541666667,0.018056625,0.0139915833333333,0.00167554166666667,0.00420704166666667,0.0119636666666667,0.000338458333333333,0.000567666666666667,0.0201092083333333,0.0241803611111111,0.896341708333333,0.0111716666666667,0.0169576770833333,0.04305984375,0.974753579861111,1,2.01320691958684e-08,4.40676522848362e-09,0
26,exponential,rigid,0.0001,0.0001001,0.001,16,144,1,2.15643272910977e-08,3.8524420567325e-09,4.75189352646722e-07,6.32991811898613e-16,0.114197294176938,0.121106249579061,0.617182860684335,0.513128692142448,2.1606276596308e-08,8.68130278580525e-09,4.06729166126217e-09,0,0,49,49,1.70834244335342e-12,5.04198694340448e-13,2.16062136008829e-08,4.0672899292876e-09,1.74645187240961e-08,1.96494648851811e-06,7.91708314043773e-07,3.18952136943392e-08,4.45192172286146e-07,2.00213029359881e-06,2.11545077607839e-06,3.07428332220743e-16,1,1,0.00398788541666667,0.018056625,0.0139915833333333,0.00167554166666667,0.00420704166666667,0.0119636666666667,0.000338458333333333,0.000567666666666667,0.0201092083333333,0.0241803611111111,0.896341708333333,0.0111716666666667,0.0169576770833333,0.04305984375,0.974753579861111,1,2.01320691958684e-08,5.61078802277811e-09,0
27,exponential,rigid,0.0001,0.000101,0.01,8,144,1,2.15557539742109e-08,3.98283991024601e-09,4.74946531149426e-07,3.14623787325012e-15,0.209944675447068,0.121106240175811,0.617607159409516,0.513130924863011,2.15980394546929e-08,8.7122825824956e-09,4.04893521893301e-09,0,0,49,49,3.56614587863515e-12,1.1742324324081e-12,2.15979714531274e-08,4.04949666815181e-09,1.68466701862786e-08,1.95426692086854e-05,7.90135776667932e-06,5.9643738967863e-07,4.42082844440715e-06,2.00527373521517e-05,9.39614890388349e-06,3.07428332220743e-16,1,1,0.00459826041666667,0.0092935,0.0137130833333333,0.000883375,0.00283641666666667,0.0054405,0.000319375,0.000511916666666667,0.0169989166666667,0.0260171944444445,0.860603208333333,0.0114617916666667,0.0169576770833333,0.03172196875,0.929804163194444,1,2.01219699993553e-08,4.42302411977597e-09,0
27,exponential,rigid,0.0001,0.000101,0.01,16,144,1,2.15557539742109e-08,3.86164313856742e-09,4.74946531149426e-07,3.14623787325012e-15,0.114197286319884,0.121106240175811,0.617182853501979,0.513130924863011,2.15980394546929e-08,8.7122825824956e-09,4.07160771902401e-09,0,0,49,49,3.56614587863515e-12,4.28113709912241e-13,2.15979714531274e-08,4.07166644799153e-09,1.74715644546692e-08,1.95426692086854e-05,7.90135776667932e-06,2.91237561427208e-07,4.42082844440715e-06,2.00527373521517e-05,9.39614890388349e-06,3.07428332220743e-16,1,1,0.00459826041666667,0.0092935,0.0137130833333333,0.000883375,0.00283641666666667,0.0054405,0.000319375,0.000511916666666667,0.0169989166666667,0.0260171944444445,0.860603208333333,0.0114617916666667,0.0169576770833333,0.03172196875,0.929804163194444,1,2.01253106981795e-08,5.61023018751804e-09,0
28,exponential,rigid,0.0001,0.00011,0.1,8,144,1,2.15500540979057e-08,4.01057690284794e-09,4.74824690813443e-07,6.63415792900683e-16,0.209944137002764,0.121106141480347,0.617606854202125,0.513154350548258,2.15924992257071e-08,8.96556746956567e-09,4.07158636397322e-09,0,0,49,49,1.1235787176424e-11,1.1357379426313e-12,2.15926221787195e-08,4.07124652140752e-09,1.68393000591184e-08,0.00020393445487233,8.50164798433768e-05,6.19786198172199e-06,4.61363859011809e-05,0.000209443603300723,9.61365787989054e-05,3.07428332220743e-16,1,1,0.00390959375,0.0071065,0.00925645833333333,0.000455416666666667,0.0023355,0.00414529166666667,0.000314458333333333,0.00051325,0.0170807083333333,0.0158209027777778,0.851015083333333,0.0114169166666667,0.0169576770833333,0.0289245104166667,0.907177413194444,1,2.01559453927804e-08,4.40796988510748e-09,0
28,exponential,rigid,0.0001,0.00011,0.1,16,144,1,2.15638682528695e-08,3.85346902657574e-09,4.74824690813443e-07,6.63415792900683e-16,0.114197203865921,0.121106141480347,0.617182778347289,0.513154350548258,2.16067575895816e-08,8.96556746956567e-09,4.0662059344229e-09,0,0,49,49,1.1235787176424e-11,4.37707013584923e-13,2.16066848916178e-08,4.06615911642482e-09,1.74645615930502e-08,0.00020393445487233,8.50164798433768e-05,3.01248462882929e-06,4.61363859011809e-05,0.000209443603300723,9.61365787989054e-05,3.07428332220743e-16,1,1,0.00390959375,0.0071065,0.00925645833333333,0.000455416666666667,0.0023355,0.00414529166666667,0.000314458333333333,0.00051325,0.0170807083333333,0.0158209027777778,0.851015083333333,0.0114169166666667,0.0169576770833333,0.0289245104166667,0.907177413194444,1,2.01559453927804e-08,5.6108021385932e-09,0
29,exponential,rigid,0.001,0.001,0,8,144,1,2.15026888793832e-08,3.92385305183041e-09,4.29125093893039e-07,2.39564897421552e-15,0.209664322362227,0.121054817476963,0.61744795547348,0.525165300207865,2.15447121958652e-08,1.04321389023952e-08,4.00504619759607e-09,0,0,49,49,5.93001647636915e-12,8.72554158933043e-13,2.1544753185475e-08,4.00463207209244e-09,1.68243169251142e-08,2.15447121958652e-08,1.04321389023952e-08,4.00504619759607e-09,1.68244305269062e-08,7.03005196698493e-09,1.72780128020553e-06,2.13007562133202e-16,1,1,0.00848321875,0.00591679166666667,0.0069885,0.000154166666666667,0.00144708333333333,0.00426195833333333,0.000360291666666667,0.000564541666666667,0.0179899166666667,0.0159482777777778,0.8132765,0.0113285416666667,0.00848321875,0.0333147604166667,0.873868079861111,1,2.00868081745475e-08,4.40020439747401e-09,0
29,exponential,rigid,0.001,0.001,0,16,144,1,2.1529689178604e-08,3.84053774172026e-09,4.29125093893039e-07,2.39564897421552e-15,0.114154323225833,0.121054817476963,0.617143664231628,0.525165300207865,2.15719628381859e-08,1.04321389023952e-08,4.06134879325656e-09,0,0,49,49,5.93001647636915e-12,5.38568044611994e-13,2.1571967417321e-08,4.06134327546997e-09,1.74688011904589e-08,2.15719628381859e-08,1.04321389023952e-08,4.06134879325656e-09,1.74687866870426e-08,7.11522767462774e-09,1.72780128020553e-06,2.13007562133202e-16,1,1,0.00848321875,0.00591679166666667,0.0069885,0.000154166666666667,0.00144708333333333,0.00426195833333333,0.000360291666666667,0.000564541666666667,0.0179899166666667,0.0159482777777778,0.8132765,0.0113285416666667,0.00848321875,0.0333147604166667,0.873868079861111,1,2.01232723558789e-08,5.6089909923569e-09,0
30,exponential,rigid,0.001,0.001001,0.001,8,144,1,2.15038840682968e-08,3.92524045713569e-09,4.29077504306365e-07,1.54754729290411e-15,0.209663756214603,0.121054713555413,0.617447633352467,0.525189266158785,2.15460501550098e-08,1.04273827720722e-08,4.00349845690429e-09,0,0,49,49,2.68374316684984e-12,1.02846614125539e-12,2.15460779692926e-08,4.00347658987085e-09,1.68248128766202e-08,0.000175944650749031,8.77522117916914e-05,5.90801404751072e-06,4.34149975175549e-05,0.000180833228230501,8.27706091218275e-05,2.13007562133202e-16,1,1,0.00436738541666667,0.00360779166666667,0.00266354166666667,0.000154916666666667,0.0012335,0.002079625,0.000345541666666667,0.000513791666666667,0.0168439166666667,0.0258539027777778,0.794657333333333,0.0111849166666667,0.00848321875,0.0256784270833333,0.857374579861111,1,2.00853422510329e-08,4.39961658793152e-09,0
30,exponential,rigid,0.001,0.001001,0.001,16,144,1,2.15297199503525e-08,3.84007876585606e-09,4.29077504306365e-07,1.54754729290411e-15,0.11415423639757,0.121054713555413,0.617143584990379,0.525189266158785,2.15720985272968e-08,1.04273827720722e-08,4.06138273707742e-09,0,0,49,49,2.68374316684984e-12,4.99226415623313e-13,2.15720716020054e-08,4.06142655170527e-09,1.74685933760979e-08,0.000175944650749031,8.77522117916914e-05,2.87086615982174e-06,4.34149975175549e-05,0.000180833228230501,8.27706091218275e-05,2.13007562133202e-16,1,1,0.00436738541666667,0.00360779166666667,0.00266354166666667,0.000154916666666667,0.0012335,0.002079625,0.000345541666666667,0.000513791666666667,0.0168439166666667,0.0258539027777778,0.794657333333333,0.0111849166666667,0.00848321875,0.0256784270833333,0.857374579861111,1,2.01231122388206e-08,5.60944309684886e-09,0
31,exponential,rigid,0.001,0.00101,0.01,8,144,1,2.1503900371428e-08,3.95738392841062e-09,4.28261585521804e-07,4.43123606168837e-16,0.209658635569821,0.121053773594265,0.617444719725281,0.525405970122863,2.15459623153058e-08,1.04302191027613e-08,4.02892895731611e-09,0,0,49,49,1.17209093619004e-12,1.07524634827798e-12,2.15458490488082e-08,4.02900482081156e-09,1.68388264389115e-08,0.00176424787333083,0.000881004982340029,5.93144928044016e-05,0.000436004937026151,0.00181629780823599,0.000830627924209572,2.13007562133202e-16,1,1,0.0144320520833333,0.00937795833333333,0.0049405,0.000137708333333333,0.00103508333333333,0.008144,0.000346041666666667,0.000512166666666667,0.0173115416666667,0.0158923194444444,0.790706125,0.0112664166666667,0.00848321875,0.0419797604166667,0.859844621527778,1,2.00842831955992e-08,4.37949663601196e-09,0
31,exponential,rigid,0.001,0.00101,0.01,16,144,1,2.15330404968126e-08,3.83216227045492e-09,4.28261585521804e-07,4.43123606168837e-16,0.114153451041106,0.121053773594265,0.617142868250667,0.525405970122863,2.15763369848928e-08,1.04302191027613e-08,4.05852378334054e-09,0,0,49,49,1.17209093619004e-12,6.03123129923025e-13,2.15760743566796e-08,4.05847770493356e-09,1.74672522426681e-08,0.00176424787333083,0.000881004982340029,2.88090889608102e-05,0.000436004937026151,0.00181629780823599,0.000830627924209572,2.13007562133202e-16,1,1,0.0144320520833333,0.00937795833333333,0.0049405,0.000137708333333333,0.00103508333333333,0.008144,0.000346041666666667,0.000512166666666667,0.0173115416666667,0.0158923194444444,0.790706125,0.0112664166666667,0.00848321875,0.0419797604166667,0.859844621527778,1,2.01144532419881e-08,5.60969360587294e-09,0
32,exponential,rigid,0.001,0.0011,0.1,8,144,1,2.14977633619112e-08,3.94574696064358e-09,4.20375146677162e-07,2.92060407883281e-15,0.209604920458447,0.121043911985094,0.617414143893902,0.527672313211509,2.15395109105123e-08,1.04407430726022e-08,4.02007156203259e-09,0,0,49,49,4.97396168255556e-12,1.18518167301187e-12,2.15395641412709e-08,4.02006024569883e-09,1.68389692140744e-08,0.0181166483601648,0.00916298098023969,0.000619693049082892,0.00454954901545734,0.0189621830859153,0.0086106114364309,2.13007562133202e-16,1,1,0.01402021875,0.00330066666666667,0.002500625,0.000147625,0.000945416666666667,0.00216233333333333,0.000344,0.000509291666666667,0.01659575,0.0159561527777778,0.787048,0.011072125,0.00848321875,0.0347699270833333,0.848846204861111,1,2.00770387687141e-08,4.37487447485608e-09,0
32,exponential,rigid,0.001,0.0011,0.1,16,144,1,2.15281486908342e-08,3.8292624275819e-09,4.20375146677162e-07,2.92060407883281e-15,0.114145211375129,0.121043911985094,0.617135347653394,0.527672313211509,2.15706022708525e-08,1.04407430726022e-08,4.05711010186548e-09,0,0,49,49,4.97396168255556e-12,5.85000554616453e-13,2.15707673833696e-08,4.05712733037746e-09,1.7467871329581e-08,0.0181166483601648,0.00916298098023969,0.000300963265343785,0.00454954901545734,0.0189621830859153,0.0086106114364309,2.13007562133202e-16,1,1,0.01402021875,0.00330066666666667,0.002500625,0.000147625,0.000945416666666667,0.00216233333333333,0.000344,0.000509291666666667,0.01659575,0.0159561527777778,0.787048,0.011072125,0.00848321875,0.0347699270833333,0.848846204861111,1,2.01123186109706e-08,5.60924944243453e-09,0
33,exponential,rigid,0.01,0.01,0,8,144,1,1.82916874840726e-08,3.29141633295047e-09,7.46127591958462e-08,1.99736755062839e-15,0.184376824520569,0.116083766604807,0.213120104083614,0.761179196432532,1.8330671145859e-08,9.1483611074441e-09,3.68553972090487e-09,0,0,49,49,9.08603683177564e-13,8.78553541920122e-13,1.83306525647373e-08,3.68546998995451e-09,2.24373330910314e-08,1.8330671145859e-08,9.1483611074441e-09,3.68553972090487e-09,2.24376632387535e-08,1.55643761224428e-08,3.19833864062782e-07,1.00398249680586e-16,1,0,0.00519917708333333,0.00208529166666667,0.00169491666666667,0.000117458333333333,0.000894291666666667,0.001027625,0.000338166666666667,0.000504708333333333,0.0168033333333333,0.0212433194444444,1.11813875,0.0112623333333333,0.00519917708333333,0.0197315,1.17557507986111,1,1.71035359446997e-08,4.26760528283394e-09,0
33,exponential,rigid,0.01,0.01,0,16,144,1,2.06450653061949e-08,3.48236908582388e-09,7.46127591958462e-08,1.99736755062839e-15,0.109985236014739,0.116083766604807,0.213120104083614,0.761179196432532,2.06864553382567e-08,1.02754406318489e-08,3.78010940606918e-09,0,0,49,49,9.08603683177564e-13,5.42536398196942e-13,2.06864551625879e-08,3.78009413419855e-09,2.24373330910314e-08,2.06864553382567e-08,1.02754406318489e-08,3.78010940606918e-09,2.24376632387535e-08,1.55643761224428e-08,3.19833864062782e-07,1.00398249680586e-16,1,0,0.00519917708333333,0.00208529166666667,0.00169491666666667,0.000117458333333333,0.000894291666666667,0.001027625,0.000338166666666667,0.000504708333333333,0.0168033333333333,0.0212433194444444,1.11813875,0.0112623333333333,0.00519917708333333,0.0197315,1.17557507986111,1,1.92862308175667e-08,5.61172945859391e-09,0
34,exponential,rigid,0.01,0.01001,0.001,8,144,1,1.82930095009007e-08,3.29166549811604e-09,7.45383352919035e-08,1.46229149331772e-15,0.184330609810243,0.116074050190142,0.212985595717492,0.76122841214824,1.83319289883155e-08,9.14901765845318e-09,3.69070059765343e-09,0,0,49,49,1.47218589050059e-12,1.30685168791984e-12,1.83320267049835e-08,3.69015182970993e-09,2.24873658788735e-08,0.00154186226431835,0.000771662191876496,0.00061697187503829,0.00149432350068632,0.00174795000018569,0.000730279156836305,1.00398249680586e-16,1,0,0.00398596875,0.00208854166666667,0.00181695833333333,0.000151583333333333,0.000921916666666667,0.000967958333333333,0.000327416666666667,0.000507541666666667,0.01686075,0.0194499861111111,1.11804829166667,0.010949375,0.00519917708333333,0.01978425,1.17221787152778,1,1.70911308748807e-08,4.26730388682142e-09,0
34,exponential,rigid,0.01,0.01001,0.001,16,144,1,2.06432672295786e-08,3.48227676823042e-09,7.45383352919035e-08,1.46229149331772e-15,0.109977056796912,0.116074050190142,0.212985595717492,0.76122841214824,2.06846352054178e-08,1.02746655297506e-08,3.78000950246069e-09,0,0,49,49,1.47218589050059e-12,4.56764895924681e-13,2.06846267740149e-08,3.77999547649591e-09,2.24873658788735e-08,0.00154186226431835,0.000771662191876496,0.00028955538701472,0.00149432350068632,0.00174795000018569,0.000730279156836305,1.00398249680586e-16,1,0,0.00398596875,0.00208854166666667,0.00181695833333333,0.000151583333333333,0.000921916666666667,0.000967958333333333,0.000327416666666667,0.000507541666666667,0.01686075,0.0194499861111111,1.11804829166667,0.010949375,0.00519917708333333,0.01978425,1.17221787152778,1,1.92847187686157e-08,5.61179630366875e-09,0
35,exponential,rigid,0.01,0.0101,0.01,8,144,1,1.82408422836892e-08,3.32352344878406e-09,7.39532391854481e-08,1.31617286546438e-15,0.18391339628517,0.115986223578506,0.211785849500504,0.761675755691693,1.82797864402506e-08,9.12324868158013e-09,3.75078878669601e-09,0,0,49,49,8.65130599878575e-13,1.06012743259865e-12,1.8279796870359e-08,3.75052897318339e-09,2.26204080335473e-08,0.0152555903156339,0.00771459122372564,0.00620024205570664,0.0149382921132888,0.0175332105388957,0.00728750049540087,1.00398249680586e-16,1,0,0.00390405208333333,0.00394683333333333,0.00594808333333333,0.00015325,0.000949583333333333,0.00279741666666667,0.000327791666666667,0.000513208333333333,0.016900625,0.0160525277777778,1.121650875,0.0112576666666667,0.00519917708333333,0.0216884583333333,1.17455357986111,1,1.70438366777704e-08,4.28045735535698e-09,0
35,exponential,rigid,0.01,0.0101,0.01,16,144,1,2.06272609347499e-08,3.48224500484405e-09,7.39532391854481e-08,1.31617286546438e-15,0.109903119600424,0.115986223578506,0.211785849500504,0.761675755691693,2.06687259929168e-08,1.02679051468455e-08,3.77899343332459e-09,0,0,49,49,8.65130599878575e-13,4.68367232921269e-13,2.06687007176928e-08,3.77898193528988e-09,2.26204080335473e-08,0.0152555903156339,0.00771459122372564,0.00290883767552394,0.0149382921132888,0.0175332105388957,0.00728750049540087,1.00398249680586e-16,1,0,0.00390405208333333,0.00394683333333333,0.00594808333333333,0.00015325,0.000949583333333333,0.00279741666666667,0.000327791666666667,0.000513208333333333,0.016900625,0.0160525277777778,1.121650875,0.0112576666666667,0.00519917708333333,0.0216884583333333,1.17455357986111,1,1.92704119400832e-08,5.6126868427187e-09,0
36,exponential,rigid,0.01,0.011,0.1,8,144,1,1.77155473026879e-08,4.51166555249186e-09,6.85869495685613e-08,1.3818176965527e-15,0.179620581910276,0.115070978754083,0.200750778603299,0.766670629669115,1.77546346295867e-08,8.86329537463956e-09,4.81849831208884e-09,0,0,49,49,8.09722071035212e-13,2.7902206805364e-12,1.775382490753e-08,4.82063441907145e-09,2.3959712558716e-08,0.137825309751868,0.0769520165477098,0.065023903549162,0.147922395154385,0.179729172617003,0.07123359184091,1.00398249680586e-16,1,0,0.00390946875,0.00179958333333333,0.00264670833333333,0.000149583333333333,0.000816,0.000789416666666667,0.000353458333333333,0.000522416666666667,0.0168295833333333,0.0158836111111111,1.16217725,0.0112715416666667,0.00519917708333333,0.0195050416666667,1.21274691319444,1,1.65505321010897e-08,4.68720471487157e-09,0
36,exponential,rigid,0.01,0.011,0.1,16,144,1,2.04643861311533e-08,3.48420134347754e-09,6.85869495685613e-08,1.3818176965527e-15,0.109132050995201,0.115070978754083,0.200750778603299,0.766670629669115,2.05056357814364e-08,1.01967397300469e-08,3.77197657170548e-09,0,0,49,49,8.09722071035212e-13,5.92094915022247e-13,2.05056639937082e-08,3.77192355889825e-09,2.3959712558716e-08,0.137825309751868,0.0769520165477098,0.0304134536223076,0.147922395154385,0.179729172617003,0.07123359184091,1.00398249680586e-16,1,0,0.00390946875,0.00179958333333333,0.00264670833333333,0.000149583333333333,0.000816,0.000789416666666667,0.000353458333333333,0.000522416666666667,0.0168295833333333,0.0158836111111111,1.16217725,0.0112715416666667,0.00519917708333333,0.0195050416666667,1.21274691319444,1,1.91183472772812e-08,5.62287076873423e-09,0
37,exponential,free,0.0001,0.0001,0,8,216,0,1.12436228315638e-08,2.69717512383958e-09,0.000103467484526328,1.74630760355846e-10,0.23446642536786,0.128903275354939,0.617775155844835,0.513424554965395,3.28218449689332e-08,1.31609491396928e-08,7.455891104569e-09,0,0,49,49,1.23221639572322e-12,1.15136044696395e-11,3.28221072031738e-08,7.45589861367334e-09,2.5500571420158e-08,3.28218449689332e-08,1.31609491396928e-08,7.455891104569e-09,2.55002803115884e-08,1.42272579521512e-08,0.000784854200517791,5.39823263728721e-12,1,1,0.00634255208333333,0.00166454166666667,0.00128841666666667,0.000115541666666667,0.000746,0.000755083333333333,0.000366708333333333,0.000670708333333333,0.0206335833333333,0.0605934548611111,0.94913275,0.0143105833333333,0.00634255208333333,0.02967809375,1.05371488194444,1,9.05555170767148e-09,2.16984592115791e-09,0
37,exponential,free,0.0001,0.0001,0,16,216,0,1.12436228315638e-08,3.49033394045859e-09,0.000103467484526328,1.74630760355846e-10,0.121105632870334,0.128903275354939,0.617201688329052,0.513424554965395,3.28218449689332e-08,1.31609491396928e-08,7.43567134968349e-09,0,0,49,49,3.44136759597572e-12,5.10097798279589e-11,3.28221072031738e-08,7.43570254372215e-09,2.55569157561113e-08,3.28218449689332e-08,1.31609491396928e-08,7.43567134968349e-09,2.55560916605802e-08,1.42272579521512e-08,0.000784854200517791,5.39823263728721e-12,1,1,0.00634255208333333,0.00166454166666667,0.00128841666666667,0.000115541666666667,0.000746,0.000755083333333333,0.000366708333333333,0.000670708333333333,0.0206335833333333,0.0605934548611111,0.94913275,0.0143105833333333,0.00634255208333333,0.02967809375,1.05371488194444,1,9.05555170767148e-09,2.09733748538995e-09,0
38,exponential,free,0.0001,0.0001001,0.001,8,216,0,1.12436335977658e-08,2.69302537420941e-09,0.000102531324736346,1.9303098002499e-10,0.234466417362298,0.128903274094769,0.617775151620925,0.51342480123622,3.28223385489894e-08,1.31551445984222e-08,7.45497788601868e-09,0,0,49,49,1.27574377811778e-12,8.22960337746765e-12,3.28228677886305e-08,7.4550127273819e-09,2.5499558246648e-08,6.6584866343134e-06,3.32892089780464e-06,7.53635937409787e-08,2.70854028108516e-06,7.27940288935672e-06,0.0012518966022533,5.39823263728721e-12,1,1,0.00353376041666667,0.002018875,0.00224041666666667,0.0001135,0.00074625,0.00111375,0.0003555,0.000670416666666667,0.0209045,0.0615440381944444,0.918012125,0.014420875,0.00634255208333333,0.0274830520833333,1.02146009027778,1,9.0560586668973e-09,2.172684161256e-09,0
38,exponential,free,0.0001,0.0001001,0.001,16,216,0,1.12436335977658e-08,3.49117498455198e-09,0.000102531324736346,1.9303098002499e-10,0.121105631831666,0.128903274094769,0.617201687425997,0.51342480123622,3.28223385489894e-08,1.31551445984222e-08,7.43529876694386e-09,0,0,49,49,1.27574377811778e-12,1.20965104233074e-11,3.28228677886305e-08,7.43530235645256e-09,2.55576578519733e-08,6.6584866343134e-06,3.32892089780464e-06,3.59831456962676e-08,2.70854028108516e-06,7.27940288935672e-06,0.0012518966022533,5.39823263728721e-12,1,1,0.00353376041666667,0.002018875,0.00224041666666667,0.0001135,0.00074625,0.00111375,0.0003555,0.000670416666666667,0.0209045,0.0615440381944444,0.918012125,0.014420875,0.00634255208333333,0.0274830520833333,1.02146009027778,1,9.0560586668973e-09,2.09672242810664e-09,0
39,exponential,free,0.0001,0.000101,0.01,8,216,0,1.1243586370433e-08,2.69865777202741e-09,8.82272613598251e-05,2.0374372500833e-10,0.234466344950129,0.128903262708248,0.617775113406458,0.513427028917301,3.28218524376326e-08,1.32163146761944e-08,7.4582814368945e-09,0,0,49,49,1.87286645221298e-12,1.35069789372606e-11,3.28216626896729e-08,7.45823958045293e-09,2.55000080371548e-08,6.67442363050831e-05,3.33704502169563e-05,7.09624955928665e-07,2.70938315470266e-05,7.30817825429707e-05,0.00953294104524906,5.39823263728721e-12,1,1,0.00316230208333333,0.00171425,0.0013405,0.000114583333333333,0.000756541666666667,0.000799916666666667,0.000329416666666667,0.000670708333333333,0.0228248333333333,0.0614873298611111,0.904640416666667,0.0140093333333333,0.00634255208333333,0.0287015104166667,1.00883859027778,1,9.05626067591322e-09,2.16474969506548e-09,0
39,exponential,free,0.0001,0.000101,0.01,16,216,0,1.1243586370433e-08,3.48979662582276e-09,8.82272613598251e-05,2.0374372500833e-10,0.12110562242547,0.128903262708248,0.617201679275626,0.513427028917301,3.28218524376326e-08,1.32163146761944e-08,7.4358071071575e-09,0,0,49,49,3.49724308643109e-12,4.05862681294763e-11,3.28216626896729e-08,7.43579769573164e-09,2.55554712333472e-08,6.67442363050831e-05,3.33704502169563e-05,3.16010746141771e-07,2.70938315470266e-05,7.30817825429707e-05,0.00953294104524906,5.39823263728721e-12,1,1,0.00316230208333333,0.00171425,0.0013405,0.000114583333333333,0.000756541666666667,0.000799916666666667,0.000329416666666667,0.000670708333333333,0.0228248333333333,0.0614873298611111,0.904640416666667,0.0140093333333333,0.00634255208333333,0.0287015104166667,1.00883859027778,1,9.05626067591322e-09,2.09637209019608e-09,0
40,exponential,free,0.0001,0.00011,0.1,8,216,0,1.12411239599098e-08,2.69363528010135e-09,8.13870419067515e-05,1.86567889509353e-10,0.234465585180868,0.128903143220153,0.617774712466806,0.513450401563873,3.28187586874889e-08,1.36106906858665e-08,7.45549341566612e-09,0,0,49,49,2.19583875819172e-12,6.75310046270352e-12,3.2818525817998e-08,7.45550581827802e-09,2.5498993638001e-08,0.000696659441916819,0.000348482420616698,7.36508753705117e-06,0.000282910628998854,0.000763397536299065,0.0908997177905498,5.39823263728721e-12,1,1,0.00474305208333333,0.00166791666666667,0.00130808333333333,0.000106416666666667,0.000764625,0.000757083333333333,0.0003265,0.0007,0.0210946666666667,0.0570234131944444,0.967819958333333,0.0138264583333333,0.00634255208333333,0.0285321354166667,1.06720196527778,1,9.05532468638782e-09,2.17247401912882e-09,0
40,exponential,free,0.0001,0.00011,0.1,16,216,0,1.12411239599098e-08,3.49173944665137e-09,8.13870419067515e-05,1.86567889509353e-10,0.121105523735126,0.128903143220153,0.617201593677538,0.513450401563873,3.28187586874889e-08,1.36106906858665e-08,7.43517799436088e-09,0,0,49,49,3.00561640313107e-12,2.77111031215122e-11,3.2818525817998e-08,7.43516490135011e-09,2.55566719781271e-08,0.000696659441916819,0.000348482420616698,3.25474714201638e-06,0.000282910628998854,0.000763397536299065,0.0908997177905498,5.39823263728721e-12,1,1,0.00474305208333333,0.00166791666666667,0.00130808333333333,0.000106416666666667,0.000764625,0.000757083333333333,0.0003265,0.0007,0.0210946666666667,0.0570234131944444,0.967819958333333,0.0138264583333333,0.00634255208333333,0.0285321354166667,1.06720196527778,1,9.05532468638782e-09,2.09818925237852e-09,0
41,exponential,free,0.001,0.001,0,8,216,0,1.11694004831638e-08,2.75615118691048e-09,1.25911631442141e-06,1.83037786250878e-10,0.23407088731919,0.128841008175567,0.617565902954227,0.525436471483048,3.26663691557494e-08,1.58141694235009e-08,7.47037331681101e-09,0,0,49,49,2.10718085094095e-12,9.2613283253658e-12,3.26654772474089e-08,7.47040227503124e-09,2.55249789038703e-08,3.26663691557494e-08,1.58141694235009e-08,7.47037331681101e-09,2.55257574803187e-08,1.77490197201602e-08,8.97867812191828e-06,5.06082535938433e-12,1,1,0.00360259375,0.00256233333333333,0.00486054166666667,0.0001085,0.000735625,0.00167454166666667,0.00033475,0.00066225,0.0202464583333333,0.0606074131944444,0.841102333333333,0.0142725,0.00360259375,0.0274083854166667,0.943390631944445,1,9.5035254190425e-09,2.0979018070132e-09,0
41,exponential,free,0.001,0.001,0,16,216,0,1.11827543488575e-08,3.48971336989797e-09,1.25911631442141e-06,1.83037786250878e-10,0.121054200636497,0.128841008175567,0.61715705834843,0.525436471483048,3.27505775127739e-08,1.58141694235009e-08,7.43518853684396e-09,0,0,49,49,2.10718085094095e-12,1.7386282190333e-11,3.27522102569277e-08,7.43517166798463e-09,2.55249789038703e-08,3.27505775127739e-08,1.58141694235009e-08,7.43518853684396e-09,2.55257574803187e-08,1.77490197201602e-08,8.97867812191828e-06,5.06082535938433e-12,1,1,0.00360259375,0.00256233333333333,0.00486054166666667,0.0001085,0.000735625,0.00167454166666667,0.00033475,0.00066225,0.0202464583333333,0.0606074131944444,0.841102333333333,0.0142725,0.00360259375,0.0274083854166667,0.943390631944445,1,9.5035254190425e-09,2.0964625216338e-09,0
42,exponential,free,0.001,0.001001,0.001,8,216,0,1.11693174342215e-08,2.76053505687094e-09,1.37824002740027e-06,1.53559516459316e-10,0.234070088966663,0.128840882371935,0.617565479544335,0.525460392060975,3.26667588247624e-08,1.581665338935e-08,7.47128207320551e-09,0,0,49,49,2.79278811460113e-12,9.81018522658337e-12,3.26665173658898e-08,7.47125780034432e-09,2.55254516523794e-08,0.000448890091931432,0.000224520338196538,7.01764171087489e-06,0.000227258821937297,0.000482384443198074,0.000999700749604898,5.06082535938433e-12,1,1,0.00307676041666667,0.01164325,0.0117872916666667,0.000107916666666667,0.000750958333333333,0.0107393333333333,0.000345375,0.000672125,0.0208649583333333,0.0577541631944444,0.846730708333333,0.0139170833333333,0.00360259375,0.03660246875,0.955004423611111,1,9.50803158831328e-09,2.09658948643354e-09,0
42,exponential,free,0.001,0.001001,0.001,16,216,0,1.11808100541494e-08,3.49183573456552e-09,1.37824002740027e-06,1.53559516459316e-10,0.121054096714878,0.128840882371935,0.617156968117014,0.525460392060975,3.27510414697076e-08,1.581665338935e-08,7.43535345841551e-09,0,0,49,49,2.79278811460113e-12,9.68115460230154e-12,3.27524097642366e-08,7.43535736575773e-09,2.55254516523794e-08,0.000448890091931432,0.000224520338196538,3.10166193057694e-06,0.000227258821937297,0.000482384443198074,0.000999700749604898,5.06082535938433e-12,1,1,0.00307676041666667,0.01164325,0.0117872916666667,0.000107916666666667,0.000750958333333333,0.0107393333333333,0.000345375,0.000672125,0.0208649583333333,0.0577541631944444,0.846730708333333,0.0139170833333333,0.00360259375,0.03660246875,0.955004423611111,1,9.50803158831328e-09,2.09517187320612e-09,0
43,exponential,free,0.001,0.00101,0.01,8,216,0,1.12541924160682e-08,2.72353477080616e-09,1.42260292416614e-06,1.32986876354098e-10,0.234062868248177,0.128839744473473,0.617561648996161,0.525676686314153,3.27294817284867e-08,1.58353384897578e-08,7.46744885665691e-09,0,0,49,49,1.28673675676029e-12,8.76882867095712e-12,3.2728633990225e-08,7.46737555265469e-09,2.57902111011635e-08,0.00448619880188289,0.0022506720127379,7.04446122319237e-05,0.0022792088822008,0.00483866094010195,0.00994818742587433,5.06082535938433e-12,1,1,0.00302171875,0.00164154166666667,0.00130258333333333,0.000107916666666667,0.000758666666666667,0.000733416666666667,0.000346625,0.000678125,0.0206317083333333,0.0569118715277778,0.8419455,0.0139386666666667,0.00360259375,0.02631971875,0.939115756944444,1,9.15336045045543e-09,2.11460252646241e-09,0
43,exponential,free,0.001,0.00101,0.01,16,216,0,1.12541924160682e-08,3.49211983194053e-09,1.42260292416614e-06,1.32986876354098e-10,0.121053156771658,0.128839744473473,0.617156152012624,0.525676686314153,3.27518399072045e-08,1.58353384897578e-08,7.43533563644891e-09,0,0,49,49,1.78760604741988e-12,1.11597481896105e-11,3.27510094768833e-08,7.43534055863198e-09,2.57902111011635e-08,0.00448619880188289,0.0022506720127379,3.11116344661388e-05,0.0022792088822008,0.00483866094010195,0.00994818742587433,5.06082535938433e-12,1,1,0.00302171875,0.00164154166666667,0.00130258333333333,0.000107916666666667,0.000758666666666667,0.000733416666666667,0.000346625,0.000678125,0.0206317083333333,0.0569118715277778,0.8419455,0.0139386666666667,0.00360259375,0.02631971875,0.939115756944444,1,9.15336045045543e-09,2.09643754715398e-09,0
44,exponential,free,0.001,0.0011,0.1,8,216,0,1.11370952321124e-08,2.73606528480381e-09,1.153665438105e-06,1.61144379336996e-10,0.233987126725154,0.128827806285335,0.617521456477331,0.527938819549808,3.26528213456021e-08,1.58582591438457e-08,7.46954318883208e-09,0,0,49,49,1.90410147531553e-11,6.62095239265939e-12,3.26526784269494e-08,7.46956177775783e-09,2.54929733419169e-08,0.0445046386485776,0.0230237055563588,0.000735935308534346,0.0234287625038835,0.0497921260444962,0.0950037753553307,5.06082535938433e-12,1,1,0.00288288541666667,0.00174458333333333,0.00130854166666667,0.000114625,0.000806958333333333,0.000775541666666667,0.000334041666666667,0.000670083333333333,0.02062875,0.0620113298611111,0.8422705,0.0138749166666667,0.00360259375,0.02626034375,0.944417090277778,1,8.93612932932129e-09,2.10382782126434e-09,0
44,exponential,free,0.001,0.0011,0.1,16,216,0,1.11807054161733e-08,3.49146793601083e-09,1.153665438105e-06,1.61144379336996e-10,0.121043295335154,0.128827806285335,0.617147588763991,0.527938819549808,3.27496501952227e-08,1.58582591438457e-08,7.43582077922998e-09,0,0,49,49,1.90410147531553e-11,8.58095357647058e-11,3.27568241559521e-08,7.43576618675962e-09,2.54929733419169e-08,0.0445046386485776,0.0230237055563588,0.000325002100683166,0.0234287625038835,0.0497921260444962,0.0950037753553307,5.06082535938433e-12,1,1,0.00288288541666667,0.00174458333333333,0.00130854166666667,0.000114625,0.000806958333333333,0.000775541666666667,0.000334041666666667,0.000670083333333333,0.02062875,0.0620113298611111,0.8422705,0.0138749166666667,0.00360259375,0.02626034375,0.944417090277778,1,8.93612932932129e-09,2.09397420519561e-09,0
45,exponential,free,0.01,0.01,0,8,144,0,1.74665956009883e-08,5.60401860834386e-09,2.81250132947896e-07,8.77055057668363e-12,0.199323077103809,0.122850245533552,0.101814206014978,0.993116800963263,1.75054860238633e-08,8.73975895859643e-09,5.47225491501319e-09,0,0,49,49,1.31285265821942e-12,2.99191801118002e-11,1.75049830884356e-08,5.4721453775157e-09,2.2464897573159e-08,1.75054860238633e-08,8.73975895859643e-09,5.47225491501319e-09,2.24639818238242e-08,1.55546746243277e-08,1.21710493641866e-06,3.76656304980202e-13,1,1,0.00338146875,0.001714375,0.00146908333333333,0.000107333333333333,0.000767916666666667,0.000794416666666667,0.000339625,0.000692333333333333,0.0189704583333333,0.0160772465277778,1.12368629166667,0.01256375,0.00338146875,0.0250982604166667,1.17742554861111,1,2.43012686453782e-08,4.75047174385667e-05,0
45,exponential,free,0.01,0.01,0,16,144,0,2.05270735156875e-08,5.08320243876114e-09,2.81250132947896e-07,8.77055057668363e-12,0.116083233574301,0.122850245533552,0.101814206014978,0.993116800963263,2.05678327221925e-08,1.02242962758604e-08,5.1461687231285e-09,0,0,49,49,1.31285265821942e-12,2.68217517920085e-11,2.05678655139867e-08,5.1462957770336e-09,2.2464897573159e-08,2.05678327221925e-08,1.02242962758604e-08,5.1461687231285e-09,2.24639818238242e-08,1.55546746243277e-08,1.21710493641866e-06,3.76656304980202e-13,1,1,0.00338146875,0.001714375,0.00146908333333333,0.000107333333333333,0.000767916666666667,0.000794416666666667,0.000339625,0.000692333333333333,0.0189704583333333,0.0160772465277778,1.12368629166667,0.01256375,0.00338146875,0.0250982604166667,1.17742554861111,1,2.43012686453782e-08,3.65499390331971e-05,0
46,exponential,free,0.01,0.01001,0.001,8,144,0,1.7459855382883e-08,5.6077083755993e-09,2.80682805400253e-07,8.65462748591868e-12,0.199261206366854,0.122838587953009,0.101714419117248,0.993151000465942,1.74990328684037e-08,8.73655806811875e-09,5.47443134596043e-09,0,0,49,49,3.33213111969851e-12,2.62316793189136e-11,1.74981515533478e-08,5.47362454481518e-09,2.24800844034321e-08,0.00154171217136302,0.000771586971551261,0.000719945362424847,0.00149442718240789,0.00174803724509904,0.000999671520761167,3.76656304980202e-13,1,1,0.00286213541666667,0.001726125,0.00131695833333333,0.000113791666666667,0.000793541666666667,0.000776041666666667,0.000364,0.000697291666666667,0.0192075833333333,0.0160355381944444,1.134062625,0.0131231666666667,0.00338146875,0.0248571354166667,1.18807846527778,1,2.43036074706148e-08,4.70747089642634e-05,0
46,exponential,free,0.01,0.01001,0.001,16,144,0,2.05243155540428e-08,5.08400682538742e-09,2.80682805400253e-07,8.65462748591868e-12,0.116073517315915,0.122838587953009,0.101714419117248,0.993151000465942,2.05661581222529e-08,1.02235767606367e-08,5.14612637894291e-09,0,0,49,49,3.33213111969851e-12,2.10032565401995e-11,2.05653799368476e-08,5.14585794562959e-09,2.24800844034321e-08,0.00154171217136302,0.000771586971551261,0.000311645413044854,0.00149442718240789,0.00174803724509904,0.000999671520761167,3.76656304980202e-13,1,1,0.00286213541666667,0.001726125,0.00131695833333333,0.000113791666666667,0.000793541666666667,0.000776041666666667,0.000364,0.000697291666666667,0.0192075833333333,0.0160355381944444,1.134062625,0.0131231666666667,0.00338146875,0.0248571354166667,1.18807846527778,1,2.43036074706148e-08,3.61935478648818e-05,0
47,exponential,free,0.01,0.0101,0.01,8,144,0,1.73976254955684e-08,5.63074361293074e-09,2.80204246569246e-07,1.06578645653632e-11,0.198702927663747,0.122733224142003,0.100825233714273,0.993451249614522,1.74357786883404e-08,8.70516318005411e-09,5.48842683857515e-09,0,0,49,49,1.59954206774913e-12,2.28614623463355e-11,1.74358111320271e-08,5.48850263189174e-09,2.26165070043043e-08,0.0152541258128407,0.00771384189296438,0.00723539872531298,0.0149393330680322,0.0175340917835978,0.00995015624420508,3.76656304980202e-13,1,1,0.00285488541666667,0.00178545833333333,0.00130925,0.000115958333333333,0.00080575,0.000822583333333333,0.000339625,0.000662083333333333,0.0189500416666667,0.0161672048611111,1.12778379166667,0.0127312083333333,0.00338146875,0.02459209375,1.18127429861111,1,2.43159846492683e-08,4.33772684714689e-05,0
47,exponential,free,0.01,0.0101,0.01,16,144,0,2.05069197518221e-08,5.08888090001135e-09,2.80204246569246e-07,1.06578645653632e-11,0.115985692116042,0.122733224142003,0.100825233714273,0.993451249614522,2.05480485124033e-08,1.02155737738589e-08,5.14857042310782e-09,0,0,49,49,1.59954206774913e-12,1.94246665389599e-11,2.0548700552519e-08,5.14855114044653e-09,2.26165070043043e-08,0.0152541258128407,0.00771384189296438,0.00313067946034723,0.0149393330680322,0.0175340917835978,0.00995015624420508,3.76656304980202e-13,1,1,0.00285488541666667,0.00178545833333333,0.00130925,0.000115958333333333,0.00080575,0.000822583333333333,0.000339625,0.000662083333333333,0.0189500416666667,0.0161672048611111,1.12778379166667,0.0127312083333333,0.00338146875,0.02459209375,1.18127429861111,1,2.43159846492683e-08,3.3139181075116e-05,0
48,exponential,free,0.01,0.011,0.1,8,144,0,1.67650343117055e-08,6.01846184284526e-09,2.68280828335679e-07,8.31070624516071e-12,0.19298763185834,0.121636181245375,0.092734043758669,0.995817147395756,1.6801975144744e-08,8.39027554463359e-09,6.04086056799793e-09,0,0,49,49,2.58671345230431e-12,2.15186877981108e-11,1.6802257018444e-08,6.04096434467543e-09,2.39618629699787e-08,0.137813733710678,0.0769447867413737,0.0759026406766582,0.147933120853597,0.17973875828844,0.0950226296743234,3.76656304980202e-13,1,1,0.00284676041666667,0.00301908333333333,0.00689591666666667,0.000111708333333333,0.000773916666666667,0.00208983333333333,0.000328541666666667,0.000664333333333333,0.0190377083333333,0.0161850381944444,1.15673775,0.0125920833333333,0.00338146875,0.0258964270833333,1.21141129861111,1,2.44237686849573e-08,1.92022581349155e-05,0
48,exponential,free,0.01,0.011,0.1,16,144,0,2.03220219739756e-08,5.15115700314696e-09,2.68280828335679e-07,8.31070624516071e-12,0.115070461875257,0.121636181245375,0.092734043758669,0.995817147395756,2.03641257019919e-08,1.01327489545141e-08,5.17795646507311e-09,0,0,49,49,2.58671345230431e-12,2.04599292981723e-11,2.03638704598992e-08,5.17781369738142e-09,2.39618629699787e-08,0.137813733710678,0.0769447867413737,0.0327241041294515,0.147933120853597,0.17973875828844,0.0950226296743234,3.76656304980202e-13,1,1,0.00284676041666667,0.00301908333333333,0.00689591666666667,0.000111708333333333,0.000773916666666667,0.00208983333333333,0.000328541666666667,0.000664333333333333,0.0190377083333333,0.0161850381944444,1.15673775,0.0125920833333333,0.00338146875,0.0258964270833333,1.21141129861111,1,2.44237686849573e-08,1.37549618323268e-05,0
49,pycnocline,rigid,0.0001,0.0001,0,8,216,0,5.07015494688164e-07,1.0975853507509e-06,2.92248137437465e-08,4.21407104517361e-14,0.21697793531723,0.120657687924432,0.412865873834141,0.484954658816582,2.05453588785698e-06,7.93232637263686e-07,0.000361793753092307,0,0,49,49,1.10762743023953e-11,5.91447988629367e-13,2.05452481155992e-06,0.000361793753094403,0.000232043072478283,2.05453588785698e-06,7.93232637263686e-07,0.000361793753092307,0.000232043072480036,0.00023224749280532,0.00138241427567894,2.03229741750796e-16,1,1,0.00303189236111111,0.00156054166666667,0.00507645833333333,0.000110416666666667,0.000750541666666667,0.000657458333333333,0.000341291666666667,0.000491583333333333,0.0173232916666667,0.0881749895833333,0.0400184166666667,0.012966,0.00303189236111111,0.0227486006944444,0.163908006944444,0,NaN,NaN,0
49,pycnocline,rigid,0.0001,0.0001,0,16,216,0,5.07015494688164e-07,1.513533098245e-06,2.92248137437465e-08,4.21407104517361e-14,0.114237174839349,0.120657687924432,0.412865873834141,0.484954658816582,7.304004276323e-06,7.93232637263686e-07,0.00119031676954261,0,0,49,49,1.10762743023953e-11,3.43636571046359e-13,7.30400429308162e-06,0.00119031676953494,0.000819614814011569,7.304004276323e-06,7.93232637263686e-07,0.00119031676954261,0.000819614814040895,0.000819788209207868,0.00138241427567894,2.03229741750796e-16,1,1,0.00303189236111111,0.00156054166666667,0.00507645833333333,0.000110416666666667,0.000750541666666667,0.000657458333333333,0.000341291666666667,0.000491583333333333,0.0173232916666667,0.0881749895833333,0.0400184166666667,0.012966,0.00303189236111111,0.0227486006944444,0.163908006944444,0,NaN,NaN,0
50,pycnocline,rigid,0.0001,0.0001001,0.001,8,216,0,5.07014549783984e-07,1.09758708105663e-06,2.92199439684442e-08,3.687984433015e-14,0.216977928461913,0.120657686833149,0.412865886695624,0.484954738443086,2.05453065506721e-06,7.93591340874048e-07,0.000361793740070113,0,0,49,49,4.85404111783688e-12,6.336513220066e-13,2.0545355091183e-06,0.000361793740070131,0.000232043069309643,2.37240991517088e-06,3.46479595599922e-07,0.000361792607492085,0.000232042615973631,0.000232247026627981,0.00138241408755284,2.03229741750796e-16,1,1,0.0113774756944444,0.00187245833333333,0.00222983333333333,0.0001185,0.000786541666666667,0.000882166666666667,0.000544541666666667,0.000633708333333333,0.01883675,0.0614008645833333,0.039892,0.0129150416666667,0.00303189236111111,0.0332649340277778,0.147472840277778,0,NaN,NaN,0
50,pycnocline,rigid,0.0001,0.0001001,0.001,16,216,0,5.07014549783984e-07,1.51353514166803e-06,2.92199439684442e-08,3.687984433015e-14,0.114237173893467,0.120657686833149,0.412865886695624,0.484954738443086,7.30400408801063e-06,7.93591340874048e-07,0.00119031674417303,0,0,49,49,4.85404111783688e-12,4.59782492413971e-13,7.30400393365493e-06,0.00119031674417548,0.000819614803416059,7.29213972200672e-06,3.46479595599922e-07,0.00119031526406591,0.000819613803353412,0.000819787257807171,0.00138241408755284,2.03229741750796e-16,1,1,0.0113774756944444,0.00187245833333333,0.00222983333333333,0.0001185,0.000786541666666667,0.000882166666666667,0.000544541666666667,0.000633708333333333,0.01883675,0.0614008645833333,0.039892,0.0129150416666667,0.00303189236111111,0.0332649340277778,0.147472840277778,0,NaN,NaN,0
51,pycnocline,rigid,0.0001,0.000101,0.01,8,216,0,5.06999773627776e-07,1.09758338023864e-06,2.92215716104016e-08,3.26515808042721e-14,0.216977866465699,0.120657676960515,0.412866003064349,0.484955458620087,2.05462429083102e-06,7.96840515363347e-07,0.000361793621235319,0,0,49,49,7.8925196910594e-12,4.71935567335893e-13,2.05461639829511e-06,0.000361793621228467,0.000232043037153749,1.62795755510063e-05,6.31376604841346e-06,0.000361782427561705,0.000232039116771299,0.000232243701501772,0.00138241405188128,2.03229741750796e-16,1,1,0.00263964236111111,0.00380895833333333,0.001419,0.000114,0.000844666666666667,0.00267729166666667,0.000356666666666667,0.000456208333333333,0.0180333333333333,0.06005390625,0.0385289583333333,0.0120536666666667,0.00303189236111111,0.0252948090277778,0.135931340277778,0,NaN,NaN,0
51,pycnocline,rigid,0.0001,0.000101,0.01,16,216,0,5.06999773627776e-07,1.51352389689718e-06,2.92215716104016e-08,3.26515808042721e-14,0.114237165338756,0.120657676960515,0.412866003064349,0.484955458620087,7.30399590765108e-06,7.96840515363347e-07,0.00119031651540518,0,0,49,49,7.8925196910594e-12,4.18643077532204e-13,7.30399590213838e-06,0.00119031651538748,0.000819614710675607,1.62795755510063e-05,6.31376604841346e-06,0.0011903016608507,0.000819604704696525,0.000819778700020695,0.00138241405188128,2.03229741750796e-16,1,1,0.00263964236111111,0.00380895833333333,0.001419,0.000114,0.000844666666666667,0.00267729166666667,0.000356666666666667,0.000456208333333333,0.0180333333333333,0.06005390625,0.0385289583333333,0.0120536666666667,0.00303189236111111,0.0252948090277778,0.135931340277778,0,NaN,NaN,0
52,pycnocline,rigid,0.0001,0.00011,0.1,8,216,0,5.06974898855736e-07,1.09758557210129e-06,2.92106886575741e-08,3.64685049470581e-14,0.216977215970481,0.120657573401805,0.412867224354361,0.484963012986448,2.05497057625842e-06,8.26031401623798e-07,0.000361792374964415,0,0,49,49,1.56957852556776e-11,4.52493217169713e-13,2.05495488044091e-06,0.000361792374950906,0.000232042702564671,0.000189460040862251,7.6168436150501e-05,0.000361695489172883,0.000232071178142335,0.000232305981625817,0.00138259453746551,2.03229741750796e-16,1,1,0.00255118402777778,0.001613625,0.00141279166666667,0.000108083333333333,0.000774583333333333,0.000716041666666667,0.000282208333333333,0.000467208333333333,0.0178806666666667,0.0679835729166667,0.0384855416666667,0.0119493333333333,0.00303189236111111,0.0227948923611111,0.141213340277778,0,NaN,NaN,0
52,pycnocline,rigid,0.0001,0.00011,0.1,16,216,0,5.06974898855736e-07,1.51352549812716e-06,2.92106886575741e-08,3.64685049470581e-14,0.114237075553721,0.120657573401805,0.412867224354361,0.484963012986448,7.30395602567427e-06,8.26031401623798e-07,0.00119031412199025,0,0,49,49,1.56957852556776e-11,3.5806938293087e-13,7.30395600538755e-06,0.00119031412198616,0.000819613756809073,0.000189460040862251,7.6168436150501e-05,0.00119016037137268,0.000819513591045226,0.000819693765281822,0.00138259453746551,2.03229741750796e-16,1,1,0.00255118402777778,0.001613625,0.00141279166666667,0.000108083333333333,0.000774583333333333,0.000716041666666667,0.000282208333333333,0.000467208333333333,0.0178806666666667,0.0679835729166667,0.0384855416666667,0.0119493333333333,0.00303189236111111,0.0227948923611111,0.141213340277778,0,NaN,NaN,0
53,pycnocline,rigid,0.001,0.001,0,8,216,0,4.87100829279938e-07,1.09779311722143e-06,2.74745309216774e-08,4.1083572741024e-14,0.216638690628124,0.120603728636128,0.413573375127496,0.48837050740689,2.27803723820933e-06,1.13536698740869e-06,0.000361145168306047,0,0,49,49,7.17829781198489e-12,4.66339473195825e-13,2.27803005989517e-06,0.000361145168300661,0.000231866475226489,2.27803723820933e-06,1.13536698740869e-06,0.000361145168306047,0.00023186647523458,0.00023207093616884,0.00131141124893617,4.42996219074481e-16,1,1,0.00576839236111111,0.001855875,0.00131370833333333,0.000105125,0.0007245,0.00101529166666667,0.000277625,0.000594041666666667,0.01732475,0.0656368229166667,0.0373699166666667,0.011639625,0.00576839236111111,0.0258206840277778,0.140467048611111,0,NaN,NaN,0
53,pycnocline,rigid,0.001,0.001,0,16,216,0,4.87100829279938e-07,1.51381013203111e-06,2.74745309216774e-08,4.1083572741024e-14,0.114190377937376,0.120603728636128,0.413573375127496,0.48837050740689,7.28401071074297e-06,1.77508456994739e-06,0.00118906870915309,0,0,49,49,7.17829781198489e-12,3.85868262003372e-13,7.28401069289229e-06,0.00118906870916433,0.000819115988942673,7.28401071074297e-06,1.77508456994739e-06,0.00118906870915309,0.000819115988913579,0.000819289967369091,0.00131141124893617,4.42996219074481e-16,1,1,0.00576839236111111,0.001855875,0.00131370833333333,0.000105125,0.0007245,0.00101529166666667,0.000277625,0.000594041666666667,0.01732475,0.0656368229166667,0.0373699166666667,0.011639625,0.00576839236111111,0.0258206840277778,0.140467048611111,0,NaN,NaN,0
54,pycnocline,rigid,0.001,0.001001,0.001,8,216,0,4.87012068557929e-07,1.09779150308476e-06,2.74594163674814e-08,4.1189679640843e-14,0.21663800468861,0.120603619629405,0.41357494890175,0.488376384558074,2.27842385938159e-06,1.13556634621687e-06,0.000361143859779192,0,0,49,49,1.49447563471501e-12,4.77185722420655e-13,2.27842535386063e-06,0.000361143859767243,0.0002318661137292,0.000162394132552792,8.09472362755289e-05,0.000361050636209384,0.000231890524455157,0.000232122986811743,0.0013115737734499,4.42996219074481e-16,1,1,0.00265010069444444,0.00502179166666667,0.00878741666666667,0.000104333333333333,0.000754583333333333,0.00415145833333333,0.000292125,0.000453916666666667,0.0170857916666667,0.0576936979166667,0.0424344583333333,0.0117475416666667,0.00576839236111111,0.0255037256944444,0.137379423611111,0,NaN,NaN,0
54,pycnocline,rigid,0.001,0.001001,0.001,16,216,0,4.87012068557929e-07,1.51381140591251e-06,2.74594163674814e-08,4.1189679640843e-14,0.114190283373746,0.120603619629405,0.41357494890175,0.488376384558074,7.28396970221272e-06,1.77689245817545e-06,0.00118906618594968,0,0,49,49,1.49447563471501e-12,3.72928148420789e-13,7.28396964072712e-06,0.00118906618594568,0.000819114976992599,0.000162394132552792,8.09472362755289e-05,0.00118892008564795,0.00081902003340581,0.000819200565726827,0.0013115737734499,4.42996219074481e-16,1,1,0.00265010069444444,0.00502179166666667,0.00878741666666667,0.000104333333333333,0.000754583333333333,0.00415145833333333,0.000292125,0.000453916666666667,0.0170857916666667,0.0576936979166667,0.0424344583333333,0.0117475416666667,0.00576839236111111,0.0255037256944444,0.137379423611111,0,NaN,NaN,0
55,pycnocline,rigid,0.001,0.00101,0.01,8,216,0,4.86652105025054e-07,1.09779686349664e-06,2.74321762871122e-08,3.82760004072649e-14,0.216631800348272,0.120602633685557,0.413589209978145,0.48842936138075,2.28193457374442e-06,1.13737530458662e-06,0.000361132023834556,0,0,49,49,8.04191561771764e-13,5.86813295002146e-13,2.28193537793781e-06,0.000361132023821672,0.000231862839125325,0.00164914004636207,0.000822994659775202,0.000362035956519549,0.000563975724771512,0.00173640600861451,0.00132934078497777,4.42996219074481e-16,1,1,0.00252601736111111,0.002576125,0.00740575,9.8875e-05,0.00076025,0.00170520833333333,0.000270083333333333,0.000430291666666667,0.017396375,0.0584804895833333,0.037544125,0.0113895,0.00576839236111111,0.0231988923611111,0.130613006944444,0,NaN,NaN,0
55,pycnocline,rigid,0.001,0.00101,0.01,16,216,0,4.86652105025054e-07,1.51380726268448e-06,2.74321762871122e-08,3.82760004072649e-14,0.114189428039419,0.120602633685557,0.413589209978145,0.48842936138075,7.28360039967398e-06,1.79308462552278e-06,0.00118904336114969,0,0,49,49,8.04191561771764e-13,4.52204696264238e-13,7.28360038248464e-06,0.00118904336113191,0.000819105823565806,0.00164914004636207,0.000822994659775202,0.00118770786960977,0.00081855179140818,0.00173640600861451,0.00132934078497777,4.42996219074481e-16,1,1,0.00252601736111111,0.002576125,0.00740575,9.8875e-05,0.00076025,0.00170520833333333,0.000270083333333333,0.000430291666666667,0.017396375,0.0584804895833333,0.037544125,0.0113895,0.00576839236111111,0.0231988923611111,0.130613006944444,0,NaN,NaN,0
56,pycnocline,rigid,0.001,0.0011,0.1,8,216,0,4.82843018117403e-07,1.09783742377059e-06,2.71365599365437e-08,3.90687461291696e-14,0.216566697587303,0.120592290021745,0.413741701135498,0.488965592721804,2.31960564288153e-06,1.15667490533112e-06,0.000361007883215598,0,0,49,49,1.20438628724815e-11,4.73366132791213e-13,2.31959359899072e-06,0.000361007883219463,0.000231828381326898,0.0169598156442121,0.00856626687007265,0.000571753031725146,0.00581928866333973,0.0181114652527301,0.00653040510145585,4.42996219074481e-16,1,1,0.00249410069444444,0.00354979166666667,0.00195670833333333,9.625e-05,0.000739916666666667,0.00270241666666667,0.000275041666666667,0.000428875,0.0164056666666667,0.0578628229166667,0.0416284166666667,0.0114135,0.00576839236111111,0.0231534756944444,0.134058215277778,0,NaN,NaN,0
56,pycnocline,rigid,0.001,0.0011,0.1,16,216,0,4.82843018117403e-07,1.51386748674257e-06,2.71365599365437e-08,3.90687461291696e-14,0.114180454049159,0.120592290021745,0.413741701135498,0.488965592721804,7.27973554733064e-06,1.94716908694444e-06,0.0011888038690469,0,0,49,49,1.20438628724815e-11,3.13117836342798e-13,7.27973554182186e-06,0.00118880386904573,0.000819009752241814,0.0169598156442121,0.00856626687007265,0.0011893156270843,0.00581928866333973,0.0181114652527301,0.00653040510145585,4.42996219074481e-16,1,1,0.00249410069444444,0.00354979166666667,0.00195670833333333,9.625e-05,0.000739916666666667,0.00270241666666667,0.000275041666666667,0.000428875,0.0164056666666667,0.0578628229166667,0.0416284166666667,0.0114135,0.00576839236111111,0.0231534756944444,0.134058215277778,0,NaN,NaN,0
57,pycnocline,rigid,0.01,0.01,0,8,216,0,8.92616535334948e-07,1.09260226839863e-06,1.1589119804264e-08,2.01135196574467e-14,0.182475650381807,0.115485753933551,0.133913624749529,0.252444568411509,2.91437813563974e-06,1.45686525867378e-06,0.000323192026585231,0,0,49,49,5.27730898937492e-13,7.55879005914447e-13,2.9143776079073e-06,0.000323192026598683,0.000187863440519054,2.91437813563974e-06,1.45686525867378e-06,0.000323192026585231,0.000187863440532933,0.000188050584245122,0.000918810114180753,1.41960694494061e-16,1,1,0.00929951736111111,0.001508875,0.002193375,0.000100083333333333,0.000760916666666667,0.000636541666666667,0.000266833333333333,0.000432708333333333,0.01753675,0.06413990625,0.0397787083333333,0.01177725,0.00929951736111111,0.0290446840277778,0.144740548611111,0,NaN,NaN,0
57,pycnocline,rigid,0.01,0.01,0,16,216,0,8.92616535334948e-07,1.53985934096504e-06,1.1589119804264e-08,2.01135196574467e-14,0.109620470685754,0.115485753933551,0.133913624749529,0.252444568411509,8.36744821592738e-06,4.12450548339496e-06,0.00106313323050579,0,0,49,49,5.27730898937492e-13,3.72993105373813e-13,8.36744818962598e-06,0.00106313323051307,0.000753502044118809,8.36744821592738e-06,4.12450548339496e-06,0.00106313323050579,0.000753502044123478,0.000753750356099391,0.000918810114180753,1.41960694494061e-16,1,1,0.00929951736111111,0.001508875,0.002193375,0.000100083333333333,0.000760916666666667,0.000636541666666667,0.000266833333333333,0.000432708333333333,0.01753675,0.06413990625,0.0397787083333333,0.01177725,0.00929951736111111,0.0290446840277778,0.144740548611111,0,NaN,NaN,0
58,pycnocline,rigid,0.01,0.01001,0.001,8,216,0,8.92599758203443e-07,1.09253507188627e-06,1.15824824894967e-08,2.03668108806086e-14,0.182409063753267,0.115475942182815,0.133864996454502,0.252183217513513,2.91297815826461e-06,1.45616560012802e-06,0.000323207363814064,0,0,49,49,9.26671784235655e-14,8.60989308511476e-13,2.91297824600964e-06,0.000323207363815927,0.00018772510013931,0.00145478525274397,0.000728027161937914,0.000544180558533045,0.00236031618615714,0.00234424415192837,0.000931739562252805,1.41960694494061e-16,1,1,0.00290080902777778,0.00145945833333333,0.00375745833333333,9.25416666666667e-05,0.00074175,0.000613375,0.000276916666666667,0.000444791666666667,0.0172435416666667,0.05695315625,0.0378159166666667,0.011510625,0.00929951736111111,0.0223255173611111,0.128605215277778,0,NaN,NaN,0
58,pycnocline,rigid,0.01,0.01001,0.001,16,216,0,8.92599758203443e-07,1.53990404014295e-06,1.15824824894967e-08,2.03668108806086e-14,0.10961146308938,0.115475942182815,0.133864996454502,0.252183217513513,8.3736492977316e-06,4.12767372716984e-06,0.00106288245111804,0,0,49,49,9.26671784235655e-14,2.73278447391248e-13,8.37364930596015e-06,0.00106288245112647,0.000753340239587963,0.00145478525274397,0.000728027161937914,0.00107157948420375,0.00236031618615714,0.00234424415192837,0.000931739562252805,1.41960694494061e-16,1,1,0.00290080902777778,0.00145945833333333,0.00375745833333333,9.25416666666667e-05,0.00074175,0.000613375,0.000276916666666667,0.000444791666666667,0.0172435416666667,0.05695315625,0.0378159166666667,0.011510625,0.00929951736111111,0.0223255173611111,0.128605215277778,0,NaN,NaN,0
59,pycnocline,rigid,0.01,0.0101,0.01,8,216,0,8.92214336061249e-07,1.09194063426548e-06,1.1527366493715e-08,2.04318102883128e-14,0.181807887494268,0.115387287087391,0.13343400197457,0.24984806842382,2.900552635497e-06,1.44995576701115e-06,0.000323369509217791,0,0,49,49,3.22741134427881e-13,5.41229302179382e-13,2.90055295823907e-06,0.000323369509226371,0.000186466570689546,0.0144266733839351,0.00729074517890407,0.00514067367822495,0.0238415409958571,0.023646024320717,0.00607051431890626,1.41960694494061e-16,1,1,0.00274505902777778,0.00717708333333333,0.00920941666666667,0.000106208333333333,0.000826416666666667,0.00623220833333333,0.000308166666666667,0.000488416666666667,0.0185222083333333,0.0566107395833333,0.03850025,0.0123055833333333,0.00929951736111111,0.0292409340277778,0.136657506944444,0,NaN,NaN,0
59,pycnocline,rigid,0.01,0.0101,0.01,16,216,0,8.92214336061249e-07,1.54035267389851e-06,1.1527366493715e-08,2.04318102883128e-14,0.109530033705157,0.115387287087391,0.13343400197457,0.24984806842382,8.42906770375644e-06,4.15598770681446e-06,0.0010606160716168,0,0,49,49,3.22741134427881e-13,4.4835152974603e-13,8.42906767796201e-06,0.00106061607163287,0.000751871963320968,0.0144266733839351,0.00729074517890407,0.00237216920464525,0.0238415409958571,0.023646024320717,0.00607051431890626,1.41960694494061e-16,1,1,0.00274505902777778,0.00717708333333333,0.00920941666666667,0.000106208333333333,0.000826416666666667,0.00623220833333333,0.000308166666666667,0.000488416666666667,0.0185222083333333,0.0566107395833333,0.03850025,0.0123055833333333,0.00929951736111111,0.0292409340277778,0.136657506944444,0,NaN,NaN,0
60,pycnocline,rigid,0.01,0.011,0.1,8,216,0,8.83779839685986e-07,1.08452619869462e-06,1.09116201498297e-08,2.16310211800732e-14,0.175634534609804,0.114466918938752,0.129672428709431,0.233143300558738,2.77731774231652e-06,1.38836542014423e-06,0.000327674237582506,0,0,49,49,1.54216390325205e-13,9.60481693873605e-13,2.77731760731197e-06,0.000327674237616926,0.000175951077657215,0.130913773455427,0.0726613148402595,0.0546024722172599,0.248938618098154,0.24645778021516,0.059602594131568,1.41960694494061e-16,1,1,0.00260835069444444,0.00320058333333333,0.00125391666666667,9.425e-05,0.000753333333333333,0.00233875,0.000302666666666667,0.000442375,0.0166940833333333,0.0573913645833333,0.0379038333333333,0.011280375,0.00929951736111111,0.0232480590277778,0.129823631944444,0,NaN,NaN,0
60,pycnocline,rigid,0.01,0.011,0.1,16,216,0,8.83779839685986e-07,1.54492038580463e-06,1.09116201498297e-08,2.16310211800732e-14,0.108680500572374,0.114466918938752,0.129672428709431,0.233143300558738,8.93712813352145e-06,4.41568789276287e-06,0.0010370746770311,0,0,49,49,2.70003369298988e-13,4.14502893399226e-13,8.93712812776599e-06,0.00103707467704612,0.000735965334560435,0.130913773455427,0.0726613148402595,0.0231488709180217,0.248938618098154,0.24645778021516,0.059602594131568,1.41960694494061e-16,1,1,0.00260835069444444,0.00320058333333333,0.00125391666666667,9.425e-05,0.000753333333333333,0.00233875,0.000302666666666667,0.000442375,0.0166940833333333,0.0573913645833333,0.0379038333333333,0.011280375,0.00929951736111111,0.0232480590277778,0.129823631944444,0,NaN,NaN,0
61,pycnocline,free,0.0001,0.0001,0,8,216,0,5.07060770800815e-07,9.64291155930673e-07,2.68240853164157e-05,3.5924681511442e-10,0.226933020410691,0.129583991144306,0.412863060496469,0.485287026012561,7.46596303391499e-06,3.73257919896645e-06,0.000289840752520887,0,0,49,49,5.84409045704536e-12,4.60026725398705e-11,7.46596887804908e-06,0.000289840752941453,0.000165079002203769,7.46596303391499e-06,3.73257919896645e-06,0.000289840752520887,0.00016507900172904,0.000165279703144822,0.628420422421602,1.13349348601639e-13,1,1,0.00292168402777778,0.00153620833333333,0.00123833333333333,0.000108041666666667,0.000749791666666667,0.000667166666666667,0.000298875,0.000607041666666667,0.0199831666666667,0.0560124409722222,0.055752125,0.0136163333333333,0.00292168402777778,0.0253469756944444,0.150727875,0,NaN,NaN,0
61,pycnocline,free,0.0001,0.0001,0,16,216,0,5.07060770800815e-07,1.42149803262255e-06,2.68240853164157e-05,3.5924681511442e-10,0.12065756175687,0.129583991144306,0.412863060496469,0.485287026012561,7.46596303391499e-06,3.73257919896645e-06,0.000904526791728245,0,0,49,49,9.61539396419407e-12,1.05619889506447e-10,7.46596887804908e-06,0.000904526793935345,0.00061692145711984,7.46596303391499e-06,3.73257919896645e-06,0.000904526791728245,0.000616921452233238,0.000617097032626743,0.628420422421602,1.13349348601639e-13,1,1,0.00292168402777778,0.00153620833333333,0.00123833333333333,0.000108041666666667,0.000749791666666667,0.000667166666666667,0.000298875,0.000607041666666667,0.0199831666666667,0.0560124409722222,0.055752125,0.0136163333333333,0.00292168402777778,0.0253469756944444,0.150727875,0,NaN,NaN,0
62,pycnocline,free,0.0001,0.0001001,0.001,8,216,0,5.07054645733645e-07,9.64296444845936e-07,2.63646340000653e-05,3.95216525064423e-10,0.226933011361298,0.129583989861901,0.412863073359354,0.485287105116373,7.46614406636193e-06,3.7326704642038e-06,0.000289840740691231,0,0,49,49,5.11833104850349e-12,1.1746465122267e-11,7.46614918473119e-06,0.00028984074069918,0.000165078983885499,2.3727462849294e-06,4.12068682517076e-07,0.000289840445546672,0.000165081135210576,0.000165282254417972,0.628110425446523,1.13349348601639e-13,1,1,0.00261185069444444,0.002655,0.001259875,0.000103333333333333,0.000749541666666667,0.001791375,0.000308416666666667,0.000604,0.0201031666666667,0.0640012326388889,0.04161175,0.0133041666666667,0.00292168402777778,0.0262824340277778,0.145199583333333,0,NaN,NaN,0
62,pycnocline,free,0.0001,0.0001001,0.001,16,216,0,5.07054645733645e-07,1.42149788107552e-06,2.63646340000653e-05,3.95216525064423e-10,0.120657560667073,0.129583989861901,0.412863073359354,0.485287105116373,7.46614406636193e-06,3.7326704642038e-06,0.000904526757683374,0,0,49,49,5.11833104850349e-12,2.65396991516215e-11,7.46614918473119e-06,0.000904526756793945,0.000616921427832618,7.29215590911724e-06,4.12068682517076e-07,0.000904527909223613,0.000616923502524762,0.000617099202091625,0.628110425446523,1.13349348601639e-13,1,1,0.00261185069444444,0.002655,0.001259875,0.000103333333333333,0.000749541666666667,0.001791375,0.000308416666666667,0.000604,0.0201031666666667,0.0640012326388889,0.04161175,0.0133041666666667,0.00292168402777778,0.0262824340277778,0.145199583333333,0,NaN,NaN,0
63,pycnocline,free,0.0001,0.000101,0.01,8,216,0,5.07055487157309e-07,9.6428795237357e-07,2.58281264803938e-05,3.89329165674652e-10,0.226932929503781,0.129583978272112,0.41286318971852,0.48528782064327,7.46556979557119e-06,3.73239009154951e-06,0.000289840636274059,0,0,49,49,5.3613578981389e-12,1.84076506169338e-11,7.46557515696911e-06,0.00028984063608904,0.000165078815088113,5.92475717495523e-05,2.96221348363413e-05,0.000289837884502332,0.000165101548265402,0.000165307086272707,0.6253377706909,1.13349348601639e-13,1,1,0.0127301840277778,0.00194320833333333,0.00121783333333333,0.00010575,0.000716416666666667,0.00111095833333333,0.000302041666666667,0.000615166666666667,0.019587875,0.0759443159722222,0.0421658333333333,0.0131617083333333,0.00292168402777778,0.0351784756944444,0.166450333333333,0,NaN,NaN,0
63,pycnocline,free,0.0001,0.000101,0.01,16,216,0,5.07055487157309e-07,1.42149978615909e-06,2.58281264803938e-05,3.89329165674652e-10,0.120657550796268,0.129583978272112,0.41286318971852,0.48528782064327,7.46556979557119e-06,3.73239009154951e-06,0.000904526460510855,0,0,49,49,6.22002680559335e-12,7.55790683760602e-11,7.46557515696911e-06,0.00090452646283668,0.000616921236423472,5.92475717495523e-05,2.96221348363413e-05,0.0009045380441382,0.000616942116318623,0.000617118901699666,0.6253377706909,1.13349348601639e-13,1,1,0.0127301840277778,0.00194320833333333,0.00121783333333333,0.00010575,0.000716416666666667,0.00111095833333333,0.000302041666666667,0.000615166666666667,0.019587875,0.0759443159722222,0.0421658333333333,0.0131617083333333,0.00292168402777778,0.0351784756944444,0.166450333333333,0,NaN,NaN,0
64,pycnocline,free,0.0001,0.00011,0.1,8,216,0,5.07013970467981e-07,9.64285253748947e-07,2.20238118305671e-05,3.80990193081137e-10,0.226932070653895,0.129583856684113,0.412864410900002,0.485295325933804,7.46079638026213e-06,3.73006209013283e-06,0.000289839481590929,0,0,49,49,3.0292794660881e-12,2.0426120082656e-11,7.4607994095642e-06,0.000289839481686158,0.000165077052176053,0.000689015314767901,0.000344656666217617,0.000289833774058033,0.000293105749695356,0.000761441698140029,0.599470479988813,1.13349348601639e-13,1,1,0.00263739236111111,0.00152141666666667,0.00128929166666667,9.82916666666667e-05,0.0007515,0.000660083333333333,0.000280125,0.00061975,0.0198120833333333,0.0542278576388889,0.04100475,0.0131362916666667,0.00292168402777778,0.0248707673611111,0.133239666666667,0,NaN,NaN,0
64,pycnocline,free,0.0001,0.00011,0.1,16,216,0,5.07013970467981e-07,1.4214980458049e-06,2.20238118305671e-05,3.80990193081137e-10,0.120657447240051,0.129583856684113,0.412864410900002,0.485295325933804,7.46079638026213e-06,3.73006209013283e-06,0.00090452333538318,0,0,49,49,4.49452970142936e-12,4.58639184097766e-11,7.4607994095642e-06,0.000904523333874297,0.000616919129311029,0.000689015314767901,0.000344656666217617,0.000904646002963437,0.000617143924312776,0.000761441698140029,0.599470479988813,1.13349348601639e-13,1,1,0.00263739236111111,0.00152141666666667,0.00128929166666667,9.82916666666667e-05,0.0007515,0.000660083333333333,0.000280125,0.00061975,0.0198120833333333,0.0542278576388889,0.04100475,0.0131362916666667,0.00292168402777778,0.0248707673611111,0.133239666666667,0,NaN,NaN,0
65,pycnocline,free,0.001,0.001,0,8,216,0,6.0725216821733e-07,9.61543869005728e-07,3.13020397433425e-07,3.38204686276288e-10,0.226486696009099,0.129520617400694,0.413570508683538,0.488679494092359,5.594390383995e-06,2.79717971442518e-06,0.000289249406168632,0,0,49,49,4.19090330434286e-12,2.7063000311681e-11,5.59439457492175e-06,0.000289249406152292,0.000164161052886492,5.594390383995e-06,2.79717971442518e-06,0.000289249406168632,0.000164161052957175,0.000164360459493623,0.0135726441981608,1.68162899310987e-12,1,1,0.00268685069444444,0.00221654166666667,0.0012335,0.000100875,0.000740833333333333,0.00136304166666667,0.000313583333333333,0.000590458333333333,0.0201624583333333,0.0562948159722222,0.0414415,0.0131425416666667,0.00268685069444444,0.0259698923611111,0.13684875,0,NaN,NaN,0
65,pycnocline,free,0.001,0.001,0,16,216,0,6.0725216821733e-07,1.42150701664447e-06,3.13020397433425e-07,3.38204686276288e-10,0.120603602653938,0.129520617400694,0.413570508683538,0.488679494092359,7.28403388653456e-06,2.79717971442518e-06,0.000902901219665174,0,0,49,49,1.48360235594033e-11,1.48065766885695e-10,7.28402805267613e-06,0.000902901216338665,0.00061582893778285,7.28403388653456e-06,2.79717971442518e-06,0.000902901219665174,0.000615828946919919,0.000616003298577151,0.0135726441981608,1.68162899310987e-12,1,1,0.00268685069444444,0.00221654166666667,0.0012335,0.000100875,0.000740833333333333,0.00136304166666667,0.000313583333333333,0.000590458333333333,0.0201624583333333,0.0562948159722222,0.0414415,0.0131425416666667,0.00268685069444444,0.0259698923611111,0.13684875,0,NaN,NaN,0
66,pycnocline,free,0.001,0.001001,0.001,8,216,0,6.07460632981728e-07,9.61541860692146e-07,3.15698486145434e-07,3.4550730786608e-10,0.226485796770215,0.129520489335813,0.413572082339649,0.48868532803276,5.59163691126025e-06,2.79580299738878e-06,0.000289248233442997,0,0,49,49,5.89482936817267e-12,1.56061428751439e-11,5.59164280612258e-06,0.000289248233088602,0.000164159196926255,0.000443165166692106,0.00022165596285624,0.000289240972188907,0.000239756410283238,0.00048544952257998,0.0135944596713944,1.68162899310987e-12,1,1,0.0194731840277778,0.00143429166666667,0.00125166666666667,9.94583333333333e-05,0.000726,0.000597458333333333,0.000298958333333333,0.000587458333333333,0.0204214166666667,0.0566350659722222,0.0412686666666667,0.0131216666666667,0.00268685069444444,0.0422153090277778,0.153240708333333,0,NaN,NaN,0
66,pycnocline,free,0.001,0.001001,0.001,16,216,0,6.07460632981728e-07,1.42150657012685e-06,3.15698486145434e-07,3.4550730786608e-10,0.120603493649015,0.129520489335813,0.413572082339649,0.48868532803276,7.28399061167217e-06,2.79580299738878e-06,0.000902897941859968,0,0,49,49,5.89482936817267e-12,3.37197379532104e-11,7.28399135677083e-06,0.000902897941275826,0.000615826740004216,0.000443165166692106,0.00022165596285624,0.000903014187039184,0.00061604090137627,0.000616227892616047,0.0135944596713944,1.68162899310987e-12,1,1,0.0194731840277778,0.00143429166666667,0.00125166666666667,9.94583333333333e-05,0.000726,0.000597458333333333,0.000298958333333333,0.000587458333333333,0.0204214166666667,0.0566350659722222,0.0412686666666667,0.0131216666666667,0.00268685069444444,0.0422153090277778,0.153240708333333,0,NaN,NaN,0
67,pycnocline,free,0.001,0.00101,0.01,8,216,0,6.08467124336876e-07,9.61486860032389e-07,3.04763629631115e-07,3.55659414337213e-10,0.22647766369498,0.129519331013857,0.413586342441861,0.488737914676762,5.56595288478982e-06,2.78296115990482e-06,0.000289237584116326,0,0,49,49,7.11831528924873e-12,1.4145505729309e-11,5.56596000314473e-06,0.000289237584953625,0.000164142433343768,0.00447931951833244,0.00224720911294931,0.000291439881599109,0.00227891719934898,0.00483241293908896,0.0167038553826302,1.68162899310987e-12,1,1,0.00273580902777778,0.00241770833333333,0.00121129166666667,9.2125e-05,0.000708916666666667,0.00160645833333333,0.000277041666666667,0.000601375,0.019752625,0.0564434409722222,0.0404302083333333,0.0132142916666667,0.00268685069444444,0.0257845590277778,0.1358725,0,NaN,NaN,0
67,pycnocline,free,0.001,0.00101,0.01,16,216,0,6.08467124336876e-07,1.42150367299673e-06,3.04763629631115e-07,3.55659414337213e-10,0.120602507709264,0.129519331013857,0.413586342441861,0.488737914676762,7.28362549564006e-06,2.78296115990482e-06,0.000902868286270272,0,0,49,49,7.11831528924873e-12,2.29837357070093e-11,7.28362332780303e-06,0.000902868286784208,0.000615806772832687,0.00447931951833244,0.00224720911294931,0.000904187299798756,0.00227891719934898,0.00483241293908896,0.0167038553826302,1.68162899310987e-12,1,1,0.00273580902777778,0.00241770833333333,0.00121129166666667,9.2125e-05,0.000708916666666667,0.00160645833333333,0.000277041666666667,0.000601375,0.019752625,0.0564434409722222,0.0404302083333333,0.0132142916666667,0.00268685069444444,0.0257845590277778,0.1358725,0,NaN,NaN,0
68,pycnocline,free,0.001,0.0011,0.1,8,216,0,6.18341342788709e-07,9.609629866478e-07,2.63281206272977e-07,3.26609106924874e-10,0.22639238631873,0.129507178095539,0.413738823602698,0.489270124847705,5.30984777946313e-06,2.65491024569432e-06,0.00028912630894643,0,0,49,49,6.37003131811604e-12,1.0536828471732e-11,5.30985414952828e-06,0.000289126308481919,0.00016396657463349,0.0444864087383151,0.0230139465323378,0.0010801336546889,0.0234324075859546,0.04977420809644,0.0957121083591733,1.68162899310987e-12,1,1,0.00267347569444444,0.00142166666666667,0.00262408333333333,8.9e-05,0.000724333333333333,0.000597041666666667,0.000291625,0.000577583333333333,0.0201547083333333,0.0600035659722222,0.0421216666666667,0.013193375,0.00268685069444444,0.0251190590277778,0.140437666666667,0,NaN,NaN,0
68,pycnocline,free,0.001,0.0011,0.1,16,216,0,6.18341342788709e-07,1.42150898088032e-06,2.63281206272977e-07,3.26609106924874e-10,0.12059216409396,0.129507178095539,0.413738823602698,0.489270124847705,7.27975813365764e-06,2.65491024569432e-06,0.000902557286785261,0,0,49,49,1.13623605937979e-11,2.22668951331659e-10,7.27975141427336e-06,0.000902557292915207,0.000615597308392366,0.0444864087383151,0.0230139465323378,0.000935477793783067,0.0234324075859546,0.04977420809644,0.0957121083591733,1.68162899310987e-12,1,1,0.00267347569444444,0.00142166666666667,0.00262408333333333,8.9e-05,0.000724333333333333,0.000597041666666667,0.000291625,0.000577583333333333,0.0201547083333333,0.0600035659722222,0.0421216666666667,0.013193375,0.00268685069444444,0.0251190590277778,0.140437666666667,0,NaN,NaN,0
69,pycnocline,free,0.01,0.01,0,8,216,0,8.92653194917778e-07,9.3853090851345e-07,1.15535925167784e-08,4.47762807304948e-11,0.194148865089474,0.123288801951548,0.101770199798123,0.993128626437261,2.91415304425401e-06,1.45675273734172e-06,0.000328084268383425,0,0,49,49,4.5395357702247e-12,6.33606024247968e-11,2.91415133599835e-06,0.000328084271284434,0.000177506977863287,2.91415304425401e-06,1.45675273734172e-06,0.000328084268383425,0.000177506978075093,0.000179899570603099,0.000710390425242582,1.38744942914486e-13,1,1,0.00262530902777778,0.00212125,0.00121504166666667,8.93333333333333e-05,0.000731666666666667,0.00128933333333333,0.000293625,0.000587041666666667,0.0198142916666667,0.0558314409722222,0.0413332083333333,0.0133206666666667,0.00262530902777778,0.0254415173611111,0.135926833333333,0,NaN,NaN,0
69,pycnocline,free,0.01,0.01,0,16,216,0,8.92653194917778e-07,1.41872714058556e-06,1.15535925167784e-08,4.47762807304948e-11,0.115485643958728,0.123288801951548,0.101770199798123,0.993128626437261,5.0756874493909e-06,2.5134600915591e-06,0.000784039522801719,0,0,49,49,4.5395357702247e-12,7.50384062880451e-11,5.07568464300757e-06,0.000784039522210845,0.000513490927456738,5.0756874493909e-06,2.5134600915591e-06,0.000784039522801719,0.000513490926793677,0.000513598282772832,0.000710390425242582,1.38744942914486e-13,1,1,0.00262530902777778,0.00212125,0.00121504166666667,8.93333333333333e-05,0.000731666666666667,0.00128933333333333,0.000293625,0.000587041666666667,0.0198142916666667,0.0558314409722222,0.0413332083333333,0.0133206666666667,0.00262530902777778,0.0254415173611111,0.135926833333333,0,NaN,NaN,0
70,pycnocline,free,0.01,0.01001,0.001,8,216,0,8.92601749711675e-07,9.39290456854587e-07,1.15441123187768e-08,4.56029540948447e-11,0.194101785696259,0.123276354522496,0.101670501282419,0.993162768366937,2.9127622628843e-06,1.45605767575707e-06,0.000328336457399319,0,0,49,49,1.36161793411641e-11,6.711033360171e-11,2.9127758791033e-06,0.000328336464621178,0.000177501369010002,0.00145476894484015,0.000728018991533904,0.000854721988471847,0.00236032025725981,0.0023442540255066,0.00100732675687735,1.38744942914486e-13,1,1,0.00263105902777778,0.00205941666666667,0.00121308333333333,9.05e-05,0.000736083333333333,0.00122095833333333,0.000273583333333333,0.000591208333333333,0.01985025,0.0556682326388889,0.040462875,0.0131681666666667,0.00262530902777778,0.0254055173611111,0.134704791666667,0,NaN,NaN,0
70,pycnocline,free,0.01,0.01001,0.001,16,216,0,8.92601749711675e-07,1.41871876286415e-06,1.15441123187768e-08,4.56029540948447e-11,0.115475832224068,0.123276354522496,0.101670501282419,0.993162768366937,5.07340748000686e-06,2.51237608030621e-06,0.000783902645530259,0,0,49,49,1.36161793411641e-11,7.42435020711129e-11,5.07340462623827e-06,0.000783902650782904,0.000513305134432198,0.00145476894484015,0.000728018991533904,0.000803574162251989,0.00236032025725981,0.0023442540255066,0.00100732675687735,1.38744942914486e-13,1,1,0.00263105902777778,0.00205941666666667,0.00121308333333333,9.05e-05,0.000736083333333333,0.00122095833333333,0.000273583333333333,0.000591208333333333,0.01985025,0.0556682326388889,0.040462875,0.0131681666666667,0.00262530902777778,0.0254055173611111,0.134704791666667,0,NaN,NaN,0
71,pycnocline,free,0.01,0.0101,0.01,8,216,0,8.92118491701839e-07,9.46226246058892e-07,1.15153008391043e-08,4.30345099383659e-11,0.193677860967376,0.123163785410185,0.100782099505945,0.993462511559193,2.90027196110673e-06,1.44981546036452e-06,0.000330637446487753,0,0,49,49,6.54071158753309e-12,5.2083322852871e-11,2.9002701304015e-06,0.000330637442974855,0.000177441194630195,0.0144265150839051,0.00729066429828724,0.0084794654663963,0.0238415854281828,0.0236461252154479,0.00995459366270885,1.38744942914486e-13,1,1,0.00262035069444444,0.003539,0.00190220833333333,8.80833333333333e-05,0.0007325,0.00270508333333333,0.00027125,0.00058475,0.0202098333333333,0.0548876493055556,0.0407007083333333,0.0131570833333333,0.00262530902777778,0.0272251840277778,0.135970625,0,NaN,NaN,0
71,pycnocline,free,0.01,0.0101,0.01,16,216,0,8.92118491701839e-07,1.41863402423708e-06,1.15153008391043e-08,4.30345099383659e-11,0.11538717740498,0.123163785410185,0.100782099505945,0.993462511559193,5.05236691538643e-06,2.50235428388199e-06,0.00078268506830221,0,0,49,49,6.54071158753309e-12,5.6087490991275e-11,5.05236350444032e-06,0.000782685065962525,0.000511629783043404,0.0144265150839051,0.00729066429828724,0.00382657964628796,0.0238415854281828,0.0236461252154479,0.00995459366270885,1.38744942914486e-13,1,1,0.00262035069444444,0.003539,0.00190220833333333,8.80833333333333e-05,0.0007325,0.00270508333333333,0.00027125,0.00058475,0.0202098333333333,0.0548876493055556,0.0407007083333333,0.0131570833333333,0.00262530902777778,0.0272251840277778,0.135970625,0,NaN,NaN,0
72,pycnocline,free,0.01,0.011,0.1,8,216,0,8.83693048157045e-07,1.01903048522879e-06,1.0893729382287e-08,3.82131839443894e-11,0.189402575060758,0.121984451723451,0.0926977114148353,0.995824390625041,2.77708208566443e-06,1.38824761668007e-06,0.000356554554161012,0,0,49,49,8.93453207901432e-12,6.83641841693202e-11,2.77708568845039e-06,0.00035655455265008,0.000175949457698868,0.130912702001177,0.0726606537241838,0.0868525499017631,0.248939725050252,0.246459279205102,0.0950264957537836,1.38744942914486e-13,1,1,0.00298168402777778,0.001467,0.0012495,8.77083333333333e-05,0.00074475,0.000623458333333333,0.000272833333333333,0.000603625,0.019851375,0.0538692326388889,0.0410309166666667,0.01323,0.00262530902777778,0.0251765173611111,0.133306666666667,0,NaN,NaN,0
72,pycnocline,free,0.01,0.011,0.1,16,216,0,8.83693048157045e-07,1.41787024892109e-06,1.0893729382287e-08,3.82131839443894e-11,0.114466811892371,0.121984451723451,0.0926977114148353,0.995824390625041,4.78873032973184e-06,2.37505829605141e-06,0.000772092569205672,0,0,49,49,8.93453207901432e-12,6.86069551336709e-11,4.78872933613003e-06,0.000772092567446521,0.000494645201335191,0.130912702001177,0.0726606537241838,0.0394397878541159,0.248939725050252,0.246459279205102,0.0950264957537836,1.38744942914486e-13,1,1,0.00298168402777778,0.001467,0.0012495,8.77083333333333e-05,0.00074475,0.000623458333333333,0.000272833333333333,0.000603625,0.019851375,0.0538692326388889,0.0410309166666667,0.01323,0.00262530902777778,0.0251765173611111,0.133306666666667,0,NaN,NaN,0
73,doubleSharp,rigid,0.0001,0.0001,0,8,216,0,0.000354316318806427,0.00219590697650083,0.00645357736879149,5.91675032511364e-14,0.213609417400536,0.0986707268103142,0.394134654919708,0.396585778752688,0.054630167773547,0.0187452219052562,0.0481973330172393,0,0,49,49,1.25186039400188e-11,7.06213936651317e-13,0.0546301677617123,0.0481973330172967,0.0384321620478749,0.054630167773547,0.0187452219052562,0.0481973330172393,0.0384321620482078,0.061522826325263,0.331623075317182,1.93729955841954e-16,1,1,0.0108661770833333,0.0040005,0.00133004166666667,0.00010675,0.00157058333333333,0.00231070833333333,0.000298333333333333,0.000468541666666667,0.0175419166666667,0.0603570625,0.0396223333333333,0.0118764166666667,0.0108661770833333,0.03317546875,0.14503128125,0,NaN,NaN,0
73,doubleSharp,rigid,0.0001,0.0001,0,16,216,0,0.000354316318806427,0.00296157640140567,0.00645357736879149,5.91675032511364e-14,0.102082861823322,0.0986707268103142,0.354923417816665,0.396585778752688,0.054630167773547,0.0187452219052562,0.0509239682907936,0,0,49,49,1.25186039400188e-11,3.38532792472326e-13,0.0546301677617123,0.0509239682907817,0.063704835427576,0.054630167773547,0.0187452219052562,0.0509239682907936,0.063704835427539,0.0637379956179381,0.331623075317182,1.93729955841954e-16,1,1,0.0108661770833333,0.0040005,0.00133004166666667,0.00010675,0.00157058333333333,0.00231070833333333,0.000298333333333333,0.000468541666666667,0.0175419166666667,0.0603570625,0.0396223333333333,0.0118764166666667,0.0108661770833333,0.03317546875,0.14503128125,0,NaN,NaN,0
74,doubleSharp,rigid,0.0001,0.0001001,0.001,8,216,0,0.000354315098877257,0.00219590698891414,0.00645357502400686,7.06219516431058e-14,0.213609410716151,0.0986707245903042,0.394134649678137,0.396585798280889,0.0546300433170118,0.0187579747786843,0.0481973332083153,0,0,49,49,9.98800636016066e-12,8.38306889736762e-13,0.0546300433264542,0.0481973332083549,0.0384321617395484,0.0546320405536242,0.018758693509271,0.0481973337548537,0.0384321553811302,0.0615247734732132,0.331622906051252,1.93729955841954e-16,1,1,0.00290263541666667,0.0079995,0.00161758333333333,0.0001035,0.0007465,0.00713825,0.000283041666666667,0.000460041666666667,0.0180475,0.0646993958333333,0.042153875,0.011623,0.0108661770833333,0.02969271875,0.148168989583333,0,NaN,NaN,0
74,doubleSharp,rigid,0.0001,0.0001001,0.001,16,216,0,0.000354315098877257,0.00296157640421829,0.00645357502400686,7.06219516431058e-14,0.102082861671061,0.0986707245903042,0.354923416250279,0.396585798280889,0.0546300433170118,0.0187579747786843,0.0509239678537664,0,0,49,49,9.98800636016066e-12,3.76489025085303e-13,0.0546300433264542,0.0509239678537656,0.0637048358291196,0.0546320405536242,0.018758693509271,0.0509239672708248,0.0637048346221239,0.0637379954422814,0.331622906051252,1.93729955841954e-16,1,1,0.00290263541666667,0.0079995,0.00161758333333333,0.0001035,0.0007465,0.00713825,0.000283041666666667,0.000460041666666667,0.0180475,0.0646993958333333,0.042153875,0.011623,0.0108661770833333,0.02969271875,0.148168989583333,0,NaN,NaN,0
75,doubleSharp,rigid,0.0001,0.000101,0.01,8,216,0,0.000354305833968894,0.00219590713808941,0.00645355361016406,6.62613162396312e-14,0.213609350355691,0.0986707045472812,0.394134602389855,0.39658597503656,0.0546289172958112,0.0188718096880455,0.0481973351393838,0,0,49,49,6.8742204524689e-12,7.0308771998044e-13,0.0546289173023099,0.0481973351394242,0.0384321586994422,0.0546489789297732,0.0188790727845318,0.048197340630043,0.0384320948264367,0.061542385300844,0.331621375103513,1.93729955841954e-16,1,1,0.00403667708333333,0.002460375,0.0011925,9.56666666666667e-05,0.0007355,0.00161825,0.000281625,0.000482208333333333,0.0168475,0.0572065625,0.0374072916666667,0.0114839166666667,0.0108661770833333,0.0241083854166667,0.13020615625,0,NaN,NaN,0
75,doubleSharp,rigid,0.0001,0.000101,0.01,16,216,0,0.000354305833968894,0.00296157642357359,0.00645355361016406,6.62613162396312e-14,0.102082860343725,0.0986707045472812,0.354923401608056,0.39658597503656,0.0546289172958112,0.0188718096880455,0.0509239638968078,0,0,49,49,6.8742204524689e-12,3.31119310580032e-13,0.0546289173023099,0.0509239638968244,0.0637048394502831,0.0546489789297732,0.0188790727845318,0.0509239580412156,0.0637048273264426,0.0637379938478554,0.331621375103513,1.93729955841954e-16,1,1,0.00403667708333333,0.002460375,0.0011925,9.56666666666667e-05,0.0007355,0.00161825,0.000281625,0.000482208333333333,0.0168475,0.0572065625,0.0374072916666667,0.0114839166666667,0.0108661770833333,0.0241083854166667,0.13020615625,0,NaN,NaN,0
76,doubleSharp,rigid,0.0001,0.00011,0.1,8,216,0,0.000354206573813977,0.0021959086826727,0.00645332899211225,5.8573038826996e-14,0.213608717018534,0.0986704942429333,0.394134106132092,0.396587829228566,0.0546171038483635,0.0199217395249687,0.0481973552376313,0,0,49,49,9.10783793913967e-12,1.18745166581262e-12,0.0546171038569739,0.0481973552377739,0.0384321269343563,0.0548266625597871,0.0200018175765346,0.0481974126598918,0.0384314596189971,0.0617272262201824,0.331605318335468,1.93729955841954e-16,1,1,0.00399955208333333,0.001397375,0.001202625,8.92916666666667e-05,0.000707666666666667,0.000588708333333333,0.000296333333333333,0.000466666666666667,0.0168759166666667,0.0542019375,0.038924125,0.0116652083333333,0.0108661770833333,0.02303584375,0.127827114583333,0,NaN,NaN,0
76,doubleSharp,rigid,0.0001,0.00011,0.1,16,216,0,0.000354206573813977,0.00296157663643153,0.00645332899211225,5.8573038826996e-14,0.102082846373317,0.0986704942429333,0.354923247992476,0.396587829228566,0.0546171038483635,0.0199217395249687,0.0509239223903709,0,0,49,49,9.10783793913967e-12,3.7060328058356e-13,0.0546171038569739,0.0509239223903812,0.0637048774837191,0.0548266625597871,0.0200018175765346,0.0509238612255406,0.0637047508211775,0.0637379771723565,0.331605318335468,1.93729955841954e-16,1,1,0.00399955208333333,0.001397375,0.001202625,8.92916666666667e-05,0.000707666666666667,0.000588708333333333,0.000296333333333333,0.000466666666666667,0.0168759166666667,0.0542019375,0.038924125,0.0116652083333333,0.0108661770833333,0.02303584375,0.127827114583333,0,NaN,NaN,0
77,doubleSharp,rigid,0.001,0.001,0,8,216,0,0.000307710235885682,0.00219671281157513,0.00633945993573415,7.0433972995662e-14,0.213279795125298,0.0985612243648111,0.393876279176534,0.397471256870523,0.0490303279468034,0.0253105089312628,0.0482077729302202,0,0,49,49,6.52426173314658e-12,4.55014313208085e-13,0.049030327940599,0.0482077729302217,0.0384155487657226,0.0490303279468034,0.0253105089312628,0.0482077729302202,0.0384155487657257,0.0558241206072467,0.306252001452108,3.36576566865842e-16,1,1,0.00362738541666667,0.00145954166666667,0.0012465,9.9375e-05,0.000731875,0.000616666666666667,0.00036875,0.000460458333333333,0.0172359166666667,0.0550141458333333,0.0366514166666667,0.0122852083333333,0.00362738541666667,0.0231520520833333,0.127102822916667,0,NaN,NaN,0
77,doubleSharp,rigid,0.001,0.001,0,16,216,0,0.000307710235885682,0.00296168798087669,0.00633945993573415,7.0433972995662e-14,0.102075606790525,0.0985612243648111,0.354843902030676,0.397471256870523,0.0490303279468034,0.0253105089312628,0.0509024206549375,0,0,49,49,6.52426173314658e-12,4.77078301536404e-13,0.049030327940599,0.0509024206549432,0.0637246415484543,0.0490303279468034,0.0253105089312628,0.0509024206549375,0.0637246415484555,0.0637580046335434,0.306252001452108,3.36576566865842e-16,1,1,0.00362738541666667,0.00145954166666667,0.0012465,9.9375e-05,0.000731875,0.000616666666666667,0.00036875,0.000460458333333333,0.0172359166666667,0.0550141458333333,0.0366514166666667,0.0122852083333333,0.00362738541666667,0.0231520520833333,0.127102822916667,0,NaN,NaN,0
78,doubleSharp,rigid,0.001,0.001001,0.001,8,216,0,0.000307624529445198,0.00219671444283716,0.00633923526621927,6.67088114099235e-14,0.213279130025886,0.0985610033146847,0.393875757625183,0.397472882113566,0.0490200403800253,0.0253052547841305,0.0482077939588143,0,0,49,49,8.84640586388394e-12,5.15446912562346e-13,0.0490200403716125,0.0482077939588736,0.0384155150745783,0.0492011406342762,0.0254023626036624,0.0482078479961701,0.0384148748987754,0.0559962374220572,0.306237988599802,3.36576566865842e-16,1,1,0.00357705208333333,0.00186579166666667,0.00122170833333333,8.99583333333333e-05,0.000723875,0.00104041666666667,0.000281166666666667,0.000459458333333333,0.0168882916666667,0.0643984375,0.0385779583333333,0.011219,0.00362738541666667,0.0230717604166667,0.13726715625,0,NaN,NaN,0
78,doubleSharp,rigid,0.001,0.001001,0.001,16,216,0,0.000307624529445198,0.00296168820816249,0.00633923526621927,6.67088114099235e-14,0.102075592174182,0.0985610033146847,0.354843742341694,0.397472882113566,0.0490200403800253,0.0253052547841305,0.0509023772999075,0,0,49,49,8.84640586388394e-12,6.40163862819233e-13,0.0490200403716125,0.0509023772999147,0.0637246815453326,0.0492011406342762,0.0254023626036624,0.0509023198196743,0.0637245605134692,0.0637579867172211,0.306237988599802,3.36576566865842e-16,1,1,0.00357705208333333,0.00186579166666667,0.00122170833333333,8.99583333333333e-05,0.000723875,0.00104041666666667,0.000281166666666667,0.000459458333333333,0.0168882916666667,0.0643984375,0.0385779583333333,0.011219,0.00362738541666667,0.0230717604166667,0.13726715625,0,NaN,NaN,0
79,doubleSharp,rigid,0.001,0.00101,0.01,8,216,0,0.000306851574164202,0.00219672917905268,0.0063372039782259,5.20809245802897e-14,0.213273114320709,0.0985590039323124,0.393871040287469,0.397487552434292,0.0489271618594407,0.0252577762251992,0.0482079840874958,0,0,49,49,1.45423868930382e-12,6.23957577071601e-13,0.0489271618608238,0.0482079840875285,0.0384152103545111,0.0507432864558287,0.0262328058938088,0.0482085320778316,0.0384087814117109,0.0575582862506705,0.306111751087782,3.36576566865842e-16,1,1,0.00284842708333333,0.00145275,0.001961375,9.8875e-05,0.000745541666666667,0.000598041666666667,0.000277166666666667,0.000447708333333333,0.0177159166666667,0.0577318125,0.0371892916666667,0.0112752083333333,0.00362738541666667,0.02274196875,0.12893828125,0,NaN,NaN,0
79,doubleSharp,rigid,0.001,0.00101,0.01,16,216,0,0.000306851574164202,0.00296169026261992,0.0063372039782259,5.20809245802897e-14,0.102075459971239,0.0985590039323124,0.354842299455874,0.397487552434292,0.0489271618594407,0.0252577762251992,0.050901985139128,0,0,49,49,1.45423868930382e-12,4.16979366517123e-13,0.0489271618608238,0.0509019851391388,0.0637250432643237,0.0507432864558287,0.0262328058938088,0.0509014089623765,0.0637238278764041,0.0637578259444925,0.306111751087782,3.36576566865842e-16,1,1,0.00284842708333333,0.00145275,0.001961375,9.8875e-05,0.000745541666666667,0.000598041666666667,0.000277166666666667,0.000447708333333333,0.0177159166666667,0.0577318125,0.0371892916666667,0.0112752083333333,0.00362738541666667,0.02274196875,0.12893828125,0,NaN,NaN,0
80,doubleSharp,rigid,0.001,0.0011,0.1,8,216,0,0.000298893115188028,0.00219688383473278,0.00631600582117937,6.39807001767517e-14,0.213210018212253,0.0985380314139291,0.393821557921029,0.397638212794998,0.0479709131024589,0.0247652282243441,0.0482099774452594,0,0,49,49,1.89130359422899e-12,1.06024507498332e-12,0.0479709131006583,0.048209977444818,0.0384120109579307,0.0666201415115995,0.0349053623297478,0.0482162709313963,0.0383450195903994,0.074374702453737,0.304842071073725,3.36576566865842e-16,1,1,0.00376530208333333,0.00147204166666667,0.002026875,9.75833333333333e-05,0.000745458333333333,0.000617708333333333,0.000276041666666667,0.000475708333333333,0.0167884166666667,0.0550450208333333,0.0405100833333333,0.011275125,0.00362738541666667,0.0227775104166667,0.129607739583333,0,NaN,NaN,0
80,doubleSharp,rigid,0.001,0.0011,0.1,16,216,0,0.000298893115188028,0.0029617118447006,0.00631600582117937,6.39807001767517e-14,0.102074073785132,0.0985380314139291,0.354827182064272,0.397638212794998,0.0479709131024589,0.0247652282243441,0.0508978743526334,0,0,49,49,1.89130359422899e-12,3.46368437409738e-13,0.0479709131006583,0.0508978743526349,0.0637288377349432,0.0666201415115995,0.0349053623297478,0.0508919874666197,0.0637161806967068,0.074374702453737,0.304842071073725,3.36576566865842e-16,1,1,0.00376530208333333,0.00147204166666667,0.002026875,9.75833333333333e-05,0.000745458333333333,0.000617708333333333,0.000276041666666667,0.000475708333333333,0.0167884166666667,0.0550450208333333,0.0405100833333333,0.011275125,0.00362738541666667,0.0227775104166667,0.129607739583333,0,NaN,NaN,0
81,doubleSharp,rigid,0.01,0.01,0,8,216,0,0.000133535818268092,0.00227927608349968,0.00327493569412921,3.68218190521516e-14,0.185466989842267,0.0542706051528439,0.336581820028381,0.309448695828866,0.00720973760156754,0.00356597660704618,0.0488942026529983,0,0,49,49,3.97938860962262e-13,4.00867862614665e-13,0.00720973760159978,0.0488942026530019,0.0470332179417063,0.00720973760156754,0.00356597660704618,0.0488942026529983,0.0470332179416609,0.0476407825618744,0.105544737544887,5.59820865629115e-16,1,1,0.00423659375,0.00151670833333333,0.0015165,0.000102583333333333,0.000727541666666667,0.000674458333333333,0.000293375,0.000474,0.0172630833333333,0.0620423541666667,0.03900125,0.0116234166666667,0.00423659375,0.0237837604166667,0.13645078125,0,NaN,NaN,0
81,doubleSharp,rigid,0.01,0.01,0,16,216,0,0.000133535818268092,0.00298060812053064,0.00327493569412921,3.68218190521516e-14,0.101568597013936,0.0542706051528439,0.336581820028381,0.309448695828866,0.00930518076953145,0.00460561639871361,0.0504843926173607,0,0,49,49,3.97938860962262e-13,3.29268860946144e-13,0.00930518076953733,0.0504843926173288,0.0654939634767847,0.00930518076953145,0.00460561639871361,0.0504843926173607,0.0654939634768218,0.0655459608412978,0.105544737544887,5.59820865629115e-16,1,1,0.00423659375,0.00151670833333333,0.0015165,0.000102583333333333,0.000727541666666667,0.000674458333333333,0.000293375,0.000474,0.0172630833333333,0.0620423541666667,0.03900125,0.0116234166666667,0.00423659375,0.0237837604166667,0.13645078125,0,NaN,NaN,0
82,doubleSharp,rigid,0.01,0.01001,0.001,8,216,0,0.000133474934331262,0.00227944470235225,0.0032731794799035,3.53633968748825e-14,0.185420206175022,0.0542009090931483,0.336419849179538,0.309418666329331,0.00720771781445249,0.00356501566724513,0.0488949814086888,0,0,49,49,2.07818594205258e-13,4.92342965889177e-13,0.00720771781436215,0.0488949814086168,0.047059616232006,0.00689427691166132,0.00341078239827361,0.0488943569448781,0.0470361611883886,0.0476865198080007,0.105497258376036,5.59820865629115e-16,1,1,0.00258171875,0.00147808333333333,0.00170441666666667,0.000106458333333333,0.000763916666666667,0.00059725,0.000283416666666667,0.000470708333333333,0.0171503333333333,0.0562474791666667,0.038257875,0.0113829583333333,0.00423659375,0.0219642604166667,0.127852572916667,0,NaN,NaN,0
82,doubleSharp,rigid,0.01,0.01001,0.001,16,216,0,0.000133474934331262,0.00298066220982968,0.0032731794799035,3.53633968748825e-14,0.101567980695028,0.0542009090931483,0.336419849179538,0.309418666329331,0.00930422622463481,0.00460529016156922,0.050485149044535,0,0,49,49,2.07818594205258e-13,3.43087549952059e-13,0.00930422622464671,0.0504851490445289,0.0654970943036556,0.00939232679087285,0.00464920867909053,0.0504676360166187,0.0654818365483179,0.0655408027599336,0.105497258376036,5.59820865629115e-16,1,1,0.00258171875,0.00147808333333333,0.00170441666666667,0.000106458333333333,0.000763916666666667,0.00059725,0.000283416666666667,0.000470708333333333,0.0171503333333333,0.0562474791666667,0.038257875,0.0113829583333333,0.00423659375,0.0219642604166667,0.127852572916667,0,NaN,NaN,0
83,doubleSharp,rigid,0.01,0.0101,0.01,8,216,0,0.00013293124761154,0.00228096988243045,0.0032575014226824,3.606431923406e-14,0.184998621210484,0.0535783723862457,0.334957099275112,0.309144575613526,0.00718946520665059,0.00355632527380991,0.0489019410409595,0,0,49,49,5.6871188761343e-13,4.97815048864963e-13,0.00718946520662183,0.0489019410410009,0.0472948035227326,0.0131043710815834,0.00661413514207865,0.0489424395397486,0.0482771117089877,0.0490333934075507,0.10515543219704,5.59820865629115e-16,1,1,0.00360526041666667,0.00206975,0.00124954166666667,0.000103291666666667,0.000761916666666667,0.00119358333333333,0.000286041666666667,0.000460916666666667,0.01700475,0.0660658541666667,0.0512154583333333,0.0115685833333333,0.00423659375,0.02342671875,0.152276614583333,0,NaN,NaN,0
83,doubleSharp,rigid,0.01,0.0101,0.01,16,216,0,0.00013293124761154,0.00298115439943813,0.0032575014226824,3.606431923406e-14,0.101562475502741,0.0535783723862457,0.334957099275112,0.309144575613526,0.00929557570301151,0.00460230346399995,0.0504920992672121,0,0,49,49,5.6871188761343e-13,3.96293982607061e-13,0.00929557570300283,0.0504920992672315,0.0655253267285474,0.0131043710815834,0.00661413514207865,0.0503192484395369,0.0653753730473228,0.065506262490382,0.10515543219704,5.59820865629115e-16,1,1,0.00360526041666667,0.00206975,0.00124954166666667,0.000103291666666667,0.000761916666666667,0.00119358333333333,0.000286041666666667,0.000460916666666667,0.01700475,0.0660658541666667,0.0512154583333333,0.0115685833333333,0.00423659375,0.02342671875,0.152276614583333,0,NaN,NaN,0
84,doubleSharp,rigid,0.01,0.011,0.1,8,216,0,0.000127871088298319,0.00229697091584549,0.00311234083451837,3.25054353632069e-14,0.180742599080117,0.0478226506450718,0.319878340872536,0.306002837810516,0.00699965589844014,0.00346537337419949,0.0489666448951483,0,0,49,49,5.24444563559308e-13,7.37839104124955e-13,0.00699965589844364,0.0489666448951181,0.0494256553593442,0.130169322076775,0.0721849121711948,0.0603893247871784,0.1143402757934,0.128123443533425,0.110220707266561,5.59820865629115e-16,1,1,0.00295930208333333,0.00148433333333333,0.0013025,9.88333333333333e-05,0.000766458333333333,0.000607041666666667,0.000279458333333333,0.000477125,0.0171247916666667,0.0563808958333333,0.0384918333333333,0.0116071666666667,0.00423659375,0.0223250104166667,0.12880490625,0,NaN,NaN,0
84,doubleSharp,rigid,0.01,0.011,0.1,16,216,0,0.000127871088298319,0.00298664082947005,0.00311234083451837,3.25054353632069e-14,0.101512126766827,0.0478226506450718,0.319878340872536,0.306002837810516,0.0092030251608533,0.0045675925193331,0.0505770611460008,0,0,49,49,5.24444563559308e-13,3.54327501224012e-13,0.00920302516086243,0.0505770611459817,0.0658121601791259,0.130169322076775,0.0721849121711948,0.0508642613017137,0.1143402757934,0.128123443533425,0.110220707266561,5.59820865629115e-16,1,1,0.00295930208333333,0.00148433333333333,0.0013025,9.88333333333333e-05,0.000766458333333333,0.000607041666666667,0.000279458333333333,0.000477125,0.0171247916666667,0.0563808958333333,0.0384918333333333,0.0116071666666667,0.00423659375,0.0223250104166667,0.12880490625,0,NaN,NaN,0
85,doubleSharp,free,0.0001,0.0001,0,8,216,0,0.000521559475169313,0.0020875092365724,0.937061812976402,4.66987292888995e-10,0.115631431578613,0.0986708702667361,0.394135893458625,0.396678649676034,0.0546123804641535,0.0187364638011706,0.0420457540445749,0,0,49,49,8.80269601706559e-12,5.3918639294526e-11,0.0546123804671423,0.0420457540455931,0.0417940094390925,0.0546123804641535,0.0187364638011706,0.0420457540445749,0.0417940094399761,0.061503582574671,0.997771765082726,3.09253190099829e-12,1,1,0.00287675,0.00210958333333333,0.004144125,0.0001235,0.000808875,0.00116354166666667,0.000309791666666667,0.000641875,0.0206745,0.0546561840277778,0.041612,0.014107625,0.00287675,0.0266125,0.136988309027778,0,NaN,NaN,0
85,doubleSharp,free,0.0001,0.0001,0,16,216,0,0.000521559475169313,0.00292549805521198,0.937061812976402,4.66987292888995e-10,0.10611891538901,0.0986708702667361,0.354925214154102,0.396678649676034,0.0546123804641535,0.0187364638011706,0.0647611732168596,0,0,49,49,1.25229859936073e-11,7.53567770801292e-11,0.0546123804671423,0.0647611732078223,0.0637049374857612,0.0546123804641535,0.0187364638011706,0.0647611732168596,0.0637049374898659,0.0637380938292343,0.997771765082726,3.09253190099829e-12,1,1,0.00287675,0.00210958333333333,0.004144125,0.0001235,0.000808875,0.00116354166666667,0.000309791666666667,0.000641875,0.0206745,0.0546561840277778,0.041612,0.014107625,0.00287675,0.0266125,0.136988309027778,0,NaN,NaN,0
86,doubleSharp,free,0.0001,0.0001001,0.001,8,216,0,0.000521557303963316,0.00208750926509707,0.936963751619336,4.69725592505517e-10,0.115631429674502,0.0986708680524487,0.394135888231761,0.396678669037366,0.0546122561223281,0.0187492138973186,0.0420457546941593,0,0,49,49,1.08096290288095e-11,4.77308576129769e-11,0.0546122561220027,0.0420457546981469,0.0417939916165837,0.0546142517765225,0.0187499319463798,0.0420457524979569,0.0417935211257952,0.0615055280009589,0.997768201219204,3.09253190099829e-12,1,1,0.00253083333333333,0.00158491666666667,0.00124029166666667,0.000114666666666667,0.000764166666666667,0.000694916666666667,0.000315416666666667,0.000642833333333333,0.02023175,0.0995120590277778,0.0432784166666667,0.0135093333333333,0.00287675,0.02530575,0.181605559027778,0,NaN,NaN,0
86,doubleSharp,free,0.0001,0.0001001,0.001,16,216,0,0.000521557303963316,0.00292549805663933,0.936963751619336,4.69725592505517e-10,0.106118914588986,0.0986708680524487,0.35492521253644,0.396678669037366,0.0546122561223281,0.0187492138973186,0.0647611734205892,0,0,49,49,1.08096290288095e-11,1.3368842785922e-10,0.0546122561220027,0.0647611734143531,0.0637049378834549,0.0546142517765225,0.0187499319463798,0.0647611718022881,0.0637049366842243,0.0637380936538511,0.997768201219204,3.09253190099829e-12,1,1,0.00253083333333333,0.00158491666666667,0.00124029166666667,0.000114666666666667,0.000764166666666667,0.000694916666666667,0.000315416666666667,0.000642833333333333,0.02023175,0.0995120590277778,0.0432784166666667,0.0135093333333333,0.00287675,0.02530575,0.181605559027778,0,NaN,NaN,0
87,doubleSharp,free,0.0001,0.000101,0.01,8,216,0,0.000521539385938514,0.00208750953976781,0.936077318984466,4.71522491220211e-10,0.115631412446433,0.0986708480097902,0.394135840929534,0.396678844130944,0.0546111314912165,0.0188630243368622,0.0420457606059295,0,0,49,49,6.05543903625609e-12,1.27188494864033e-10,0.0546111314905428,0.0420457605974488,0.0417938308318255,0.0546311774253931,0.0188702806277618,0.0420457385471753,0.041789112376524,0.0615231248795068,0.997735967869249,3.09253190099829e-12,1,1,0.00271604166666667,0.00147254166666667,0.00122466666666667,0.000104625,0.000752166666666667,0.000605,0.000291833333333333,0.000575791666666667,0.0199677083333333,0.0737543923611111,0.0411882916666667,0.0131778333333333,0.00287675,0.0250239166666667,0.153144434027778,0,NaN,NaN,0
87,doubleSharp,free,0.0001,0.000101,0.01,16,216,0,0.000521539385938514,0.00292549807883225,0.936077318984466,4.71522491220211e-10,0.106118907354271,0.0986708480097902,0.354925197894146,0.396678844130944,0.0546111314912165,0.0188630243368622,0.0647611752914121,0,0,49,49,9.40012616771595e-12,1.03335532144933e-10,0.0546111314905428,0.0647611752977204,0.063704941530732,0.0546311774253931,0.0188702806277618,0.0647611590145923,0.0637049293905051,0.0637380920612785,0.997735967869249,3.09253190099829e-12,1,1,0.00271604166666667,0.00147254166666667,0.00122466666666667,0.000104625,0.000752166666666667,0.000605,0.000291833333333333,0.000575791666666667,0.0199677083333333,0.0737543923611111,0.0411882916666667,0.0131778333333333,0.00287675,0.0250239166666667,0.153144434027778,0,NaN,NaN,0
88,doubleSharp,free,0.0001,0.00011,0.1,8,216,0,0.000521350351887822,0.00208751242365438,0.926830925674864,4.78833380514946e-10,0.115631231679331,0.0986706377010461,0.394135344685673,0.396680681064798,0.0545993338984993,0.0199127459868679,0.0420458226016175,0,0,49,49,8.88392904235364e-12,3.24312208793435e-11,0.054599333900522,0.0420458226033422,0.0417921446639691,0.0548087288179983,0.0199927501909356,0.0420455923254248,0.0417436836273018,0.0617078101821456,0.997397952325509,3.09253190099829e-12,1,1,0.00248295833333333,0.0014995,0.005877375,0.000105083333333333,0.000765291666666667,0.000618208333333333,0.000305875,0.0006215,0.019710375,0.0558657256944444,0.040773375,0.0133649583333333,0.00287675,0.0246202083333333,0.134624267361111,0,NaN,NaN,0
88,doubleSharp,free,0.0001,0.00011,0.1,16,216,0,0.000521350351887822,0.00292549831750457,0.926830925674864,4.78833380514946e-10,0.106118831448652,0.0986706377010461,0.354925044279211,0.396680681064798,0.0545993338984993,0.0199127459868679,0.0647611949675142,0,0,49,49,1.4871217050566e-11,1.79275312625882e-10,0.054599333900522,0.0647611949519016,0.0637049795366387,0.0548087288179983,0.0199927501909356,0.0647610248894399,0.0637048528833064,0.0637380753823388,0.997397952325509,3.09253190099829e-12,1,1,0.00248295833333333,0.0014995,0.005877375,0.000105083333333333,0.000765291666666667,0.000618208333333333,0.000305875,0.0006215,0.019710375,0.0558657256944444,0.040773375,0.0133649583333333,0.00287675,0.0246202083333333,0.134624267361111,0,NaN,NaN,0
89,doubleSharp,free,0.001,0.001,0,8,216,0,0.000441809831747817,0.00208901768198718,0.0974071430502767,4.21346667243575e-10,0.115537708990454,0.0985613686386844,0.393877519932259,0.411456482318479,0.0490190507422289,0.0253044192159208,0.0420781392806235,0,0,49,49,6.10245698677037e-12,3.85032046468871e-11,0.0490190507421613,0.0420781392799657,0.0410617490255888,0.0490190507422289,0.0253044192159208,0.0420781392806235,0.0410617490256813,0.0558137255654067,0.844069786334734,2.21480855304635e-12,1,1,0.00260204166666667,0.00146329166666667,0.00124295833333333,0.000112166666666667,0.000733,0.000607625,0.000286,0.0006105,0.0199110416666667,0.0664715173611111,0.0407154583333333,0.0130514166666667,0.00260204166666667,0.024872875,0.145111267361111,0,NaN,NaN,0
89,doubleSharp,free,0.001,0.001,0,16,216,0,0.000441809831747817,0.00292562305937009,0.0974071430502767,4.21346667243575e-10,0.106079362638544,0.0985613686386844,0.354845700994842,0.411456482318479,0.0490190507422289,0.0253044192159208,0.0647714281470771,0,0,49,49,6.10245698677037e-12,5.79169869490765e-11,0.0490190507421613,0.0647714281488441,0.0637247436173202,0.0490190507422289,0.0253044192159208,0.0647714281470771,0.0637247436184501,0.0637581028439922,0.844069786334734,2.21480855304635e-12,1,1,0.00260204166666667,0.00146329166666667,0.00124295833333333,0.000112166666666667,0.000733,0.000607625,0.000286,0.0006105,0.0199110416666667,0.0664715173611111,0.0407154583333333,0.0130514166666667,0.00260204166666667,0.024872875,0.145111267361111,0,NaN,NaN,0
90,doubleSharp,free,0.001,0.001001,0.001,8,216,0,0.000441677677930021,0.00208902074310962,0.09722292488843,4.20404752110543e-10,0.115537520601425,0.0985611475904295,0.393876998374145,0.411611539633228,0.0490087736765529,0.0252991708393758,0.0420782048691714,0,0,49,49,4.6194693418097e-12,2.46825962339726e-11,0.0490087736761134,0.0420782048668734,0.0410603499802225,0.0491897575670307,0.0253962143616668,0.0420779891164359,0.0409845198264812,0.0559857292520542,0.8438265524298,2.21480855304635e-12,1,1,0.00248329166666667,0.001458375,0.00122745833333333,9.85e-05,0.000733083333333333,0.000616125,0.000272083333333333,0.000584041666666667,0.0199679583333333,0.0534079340277778,0.0407300833333333,0.0133726666666667,0.00260204166666667,0.02476575,0.132276434027778,0,NaN,NaN,0
90,doubleSharp,free,0.001,0.001001,0.001,16,216,0,0.000441677677930021,0.00292562331562309,0.09722292488843,4.20404752110543e-10,0.106079282732485,0.0985611475904295,0.354845541442109,0.411611539633228,0.0490087736765529,0.0252991708393758,0.0647714488803535,0,0,49,49,8.00977248811552e-12,9.49628344191369e-11,0.0490087736761134,0.0647714488877719,0.0637247836135912,0.0491897575670307,0.0253962143616668,0.0647712871487,0.0637246625833999,0.0637580849251187,0.8438265524298,2.21480855304635e-12,1,1,0.00248329166666667,0.001458375,0.00122745833333333,9.85e-05,0.000733083333333333,0.000616125,0.000272083333333333,0.000584041666666667,0.0199679583333333,0.0534079340277778,0.0407300833333333,0.0133726666666667,0.00260204166666667,0.02476575,0.132276434027778,0,NaN,NaN,0
91,doubleSharp,free,0.001,0.00101,0.01,8,216,0,0.000440485847589055,0.00208904842887893,0.0955885945324918,4.32684468203681e-10,0.115535816835869,0.098559148234407,0.393872281081458,0.413012536337721,0.0489159885682114,0.0252517436210177,0.0420787981773652,0,0,49,49,5.50824194141948e-12,1.6754388743718e-11,0.0489159885685723,0.0420787981791652,0.0410476810380245,0.0507309491287635,0.0262261286099573,0.0420766465257502,0.0403379593082887,0.0575467524180256,0.841637081399079,2.21480855304635e-12,1,1,0.00245370833333333,0.001537375,0.00472241666666667,0.000107041666666667,0.000782708333333333,0.000636833333333333,0.000313,0.00059375,0.020333,0.0543154340277778,0.041109125,0.0133285833333333,0.00260204166666667,0.0252308333333333,0.133983975694444,0,NaN,NaN,0
91,doubleSharp,free,0.001,0.00101,0.01,16,216,0,0.000440485847589055,0.00292562562847416,0.0955885945324918,4.32684468203681e-10,0.106078559992748,0.098559148234407,0.354844098485312,0.413012536337721,0.0489159885682114,0.0252517436210177,0.0647716363936349,0,0,49,49,1.51295640326662e-11,1.4479673308794e-10,0.0489159885685723,0.0647716363950813,0.0637251453321247,0.0507309491287635,0.0262261286099573,0.0647700130724936,0.0637239299637166,0.0637579241569492,0.841637081399079,2.21480855304635e-12,1,1,0.00245370833333333,0.001537375,0.00472241666666667,0.000107041666666667,0.000782708333333333,0.000636833333333333,0.000313,0.00059375,0.020333,0.0543154340277778,0.041109125,0.0133285833333333,0.00260204166666667,0.0252308333333333,0.133983975694444,0,NaN,NaN,0
92,doubleSharp,free,0.001,0.0011,0.1,8,216,0,0.000428404244370077,0.00208933916592817,0.081313725377625,4.13519156194435e-10,0.115517961160943,0.0985381758616183,0.393822799141147,0.427544984435894,0.0479606763100739,0.0247597096312337,0.0420850260221868,0,0,49,49,1.023334086888e-11,2.84505494493534e-11,0.0479606763094134,0.0420850260218222,0.0409127587272155,0.0665982577739297,0.0348932368638726,0.0420642585482538,0.0396428524026052,0.0743523959040122,0.819779474795539,2.21480855304635e-12,1,1,0.0026635,0.00140854166666667,0.00169795833333333,8.75416666666667e-05,0.000716333333333333,0.000592833333333333,0.000272375,0.000608125,0.0201770416666667,0.0524516840277778,0.0410436666666667,0.0133361666666667,0.00260204166666667,0.0251295833333333,0.131961100694444,0,NaN,NaN,0
92,doubleSharp,free,0.001,0.0011,0.1,16,216,0,0.000428404244370077,0.00292564996809987,0.081313725377625,4.13519156194435e-10,0.106070977585536,0.0985381758616183,0.354828981622666,0.427544984435894,0.0479606763100739,0.0247597096312337,0.0647736039200715,0,0,49,49,2.69562445462397e-11,3.54306607449352e-10,0.0479606763094134,0.0647736038761535,0.0637289397971076,0.0665982577739297,0.0348932368638726,0.0647567838559055,0.0637162829587731,0.0743523959040122,0.819779474795539,2.21480855304635e-12,1,1,0.0026635,0.00140854166666667,0.00169795833333333,8.75416666666667e-05,0.000716333333333333,0.000592833333333333,0.000272375,0.000608125,0.0201770416666667,0.0524516840277778,0.0410436666666667,0.0133361666666667,0.00260204166666667,0.0251295833333333,0.131961100694444,0,NaN,NaN,0
93,doubleSharp,free,0.01,0.01,0,8,216,0,0.00013353575911429,0.00227923861263283,0.00327493444382171,5.44780408275495e-11,0.110514802415038,0.05427006617141,0.101770946724175,0.993128709563377,0.00535220129819981,0.00267726208804508,0.045562704824316,0,0,49,49,8.54533319467884e-12,7.17819660311726e-11,0.00535220130004172,0.0455627048229072,0.0470329143028416,0.00535220129819981,0.00267726208804508,0.045562704824316,0.0470329143034032,0.0476404587302402,0.105544978258084,1.86225755682707e-13,1,1,0.00252945833333333,0.001451375,0.0112118333333333,9.85833333333333e-05,0.00072925,0.000613125,0.000301,0.000591583333333333,0.0198755,0.0537255590277778,0.042156375,0.0133885416666667,0.00252945833333333,0.0247489166666667,0.134019392361111,0,NaN,NaN,0
93,doubleSharp,free,0.01,0.01,0,16,216,0,0.00013353575911429,0.00295504248973827,0.00327493444382171,5.44780408275495e-11,0.102306378619032,0.05427006617141,0.101770946724175,0.993128709563377,0.00930522689959631,0.004605639334542,0.0658398372513443,0,0,49,49,8.54533319467884e-12,7.02936773733633e-11,0.00930522689833071,0.0658398372478437,0.0654940651393683,0.00930522689959631,0.004605639334542,0.0658398372513443,0.0654940651463068,0.065546057921478,0.105544978258084,1.86225755682707e-13,1,1,0.00252945833333333,0.001451375,0.0112118333333333,9.85833333333333e-05,0.00072925,0.000613125,0.000301,0.000591583333333333,0.0198755,0.0537255590277778,0.042156375,0.0133885416666667,0.00252945833333333,0.0247489166666667,0.134019392361111,0,NaN,NaN,0
94,doubleSharp,free,0.01,0.01001,0.001,8,216,0,0.000133474874856077,0.00227967615298172,0.00327317826091475,5.52573698557537e-11,0.11051189607238,0.0542003725849611,0.101671244436286,0.993162851076302,0.00535173639621297,0.00267704318749883,0.0455704349968582,0,0,49,49,1.15006112374189e-11,6.79007414020071e-11,0.00535173639540341,0.0455704349969304,0.0470593135736624,0.00582653622825536,0.00291559199333584,0.0455601051601581,0.0470358596733379,0.0476862009081606,0.105497499249857,1.86225755682707e-13,1,1,0.002930625,0.001497875,0.00169766666666667,9.97083333333333e-05,0.000768875,0.000619208333333333,0.000304083333333333,0.000600875,0.020101875,0.0531532256944444,0.0420512916666667,0.0136159583333333,0.00252945833333333,0.0254353333333333,0.134255809027778,0,NaN,NaN,0
94,doubleSharp,free,0.01,0.01001,0.001,16,216,0,0.000133474874856077,0.00295513966156895,0.00327317826091475,5.52573698557537e-11,0.10229909613414,0.0542003725849611,0.101671244436286,0.993162851076302,0.00930427233954776,0.00460531309068032,0.0658421587933947,0,0,49,49,1.15006112374189e-11,6.88151799400003e-11,0.0093042723415313,0.0658421587929073,0.0654971959473339,0.00939237277651983,0.00464923154629116,0.0658294321449181,0.0654819384574894,0.065540899922798,0.105497499249857,1.86225755682707e-13,1,1,0.002930625,0.001497875,0.00169766666666667,9.97083333333333e-05,0.000768875,0.000619208333333333,0.000304083333333333,0.000600875,0.020101875,0.0531532256944444,0.0420512916666667,0.0136159583333333,0.00252945833333333,0.0254353333333333,0.134255809027778,0,NaN,NaN,0
95,doubleSharp,free,0.01,0.0101,0.01,8,216,0,0.000132931195849972,0.0022836390308565,0.00325750032586154,5.4266888667346e-11,0.110486708069294,0.0535778577338621,0.100782809551493,0.993462590729176,0.00534745353220177,0.00267502144448341,0.0456411178774914,0,0,49,49,7.31426577075852e-12,6.68573045620525e-11,0.00534745353410888,0.0456411178788368,0.0472945114212224,0.0131043549595562,0.00661412691923602,0.0456612278615451,0.0482768234794663,0.0490332124015224,0.105155673853879,1.86225755682707e-13,1,1,0.00273958333333333,0.00147933333333333,0.00123808333333333,9.80416666666667e-05,0.000756041666666667,0.000613958333333333,0.000278583333333333,0.00058725,0.0196924166666667,0.0643278923611111,0.0398038333333333,0.0131500416666667,0.00252945833333333,0.0247771666666667,0.142058934027778,0,NaN,NaN,0
95,doubleSharp,free,0.01,0.0101,0.01,16,216,0,0.000132931195849972,0.00295602630658684,0.00325750032586154,5.4266888667346e-11,0.102233285306711,0.0535778577338621,0.100782809551493,0.993462590729176,0.00929562169234787,0.00460232633790054,0.0658632071806283,0,0,49,49,7.31426577075852e-12,6.72072628755082e-11,0.00929562169226709,0.0658632071806058,0.0655254283342894,0.0131043549595562,0.00661412691923602,0.0657491362045159,0.0653754772977399,0.0655063605307234,0.105155673853879,1.86225755682707e-13,1,1,0.00273958333333333,0.00147933333333333,0.00123808333333333,9.80416666666667e-05,0.000756041666666667,0.000613958333333333,0.000278583333333333,0.00058725,0.0196924166666667,0.0643278923611111,0.0398038333333333,0.0131500416666667,0.00252945833333333,0.0247771666666667,0.142058934027778,0,NaN,NaN,0
96,doubleSharp,free,0.01,0.011,0.1,8,216,0,0.000127871097460917,0.00232567854737294,0.00311234051266052,4.80187237683694e-11,0.110337630464922,0.0478223223577836,0.0926981609960491,0.995824447850951,0.00529458307390052,0.00264958047718105,0.046570040062861,0,0,49,49,1.26996429683115e-11,6.89289174942082e-11,0.00529458307171784,0.0465700400637114,0.0494254529596391,0.13016881746345,0.0721846012638097,0.0764479292711382,0.114339928161794,0.128123485206634,0.110220894967752,1.86225755682707e-13,1,1,0.00256516666666667,0.00220625,0.00208404166666667,9.65833333333333e-05,0.000741333333333333,0.001357375,0.000281916666666667,0.000607916666666667,0.01981025,0.0602901840277778,0.0397140833333333,0.0138232083333333,0.00252945833333333,0.0254715,0.139298975694444,0,NaN,NaN,0
96,doubleSharp,free,0.01,0.011,0.1,16,216,0,0.000127871097460917,0.00296619239661071,0.00311234051266052,4.80187237683694e-11,0.101549114436951,0.0478223223577836,0.0926981609960491,0.995824447850951,0.00920306985874038,0.00456761481155631,0.0660901644063432,0,0,49,49,1.26996429683115e-11,7.24392377299655e-11,0.00920306985881002,0.0660901643991555,0.0658122613711793,0.13016881746345,0.0721846012638097,0.0669441622642775,0.114339928161794,0.128123485206634,0.110220894967752,1.86225755682707e-13,1,1,0.00256516666666667,0.00220625,0.00208404166666667,9.65833333333333e-05,0.000741333333333333,0.001357375,0.000281916666666667,0.000607916666666667,0.01981025,0.0602901840277778,0.0397140833333333,0.0138232083333333,0.00252945833333333,0.0254715,0.139298975694444,0,NaN,NaN,0
